"Cluster 1","Cluster 2","Cluster 3","Cluster 4"
0.257419897633643,0.259714195978134,0.165863375628955,0.317002530759268
0.173680019702108,0.0559777238818317,0.750247430903958,0.0200948255121025
0.0936657040683503,0.180194127736178,0.0503525148332604,0.675787653362212
0.0621826331323966,0.12605551932254,0.0342816630514815,0.777480184493582
0.548394373369501,0.136622992987717,0.276892213507943,0.0380904201348383
0.10887610556381,0.216662539804017,0.0661336929210402,0.608327661711133
0.493275881080075,0.118931955038351,0.339465669087684,0.0483264947938889
0.218104207403679,0.637473850125141,0.0715697149611344,0.0728522275100451
0.173492229251383,0.0780627452681513,0.716189626159985,0.0322553993204808
0.199223390803155,0.0787027245152916,0.692144588845933,0.0299292958356198
0.323445745192589,0.328709442778058,0.13635598487927,0.211488827150083
0.139907746974275,0.239687013363923,0.0892639992720619,0.53114124038974
0.386527370044643,0.307150439860894,0.143444153997929,0.162878036096534
0.115799653298753,0.212005349614378,0.0661449575326971,0.606050039554172
0.154373466489834,0.243593049076681,0.106663972041607,0.495369512391877
0.11292450762528,0.515400680886378,0.0508206026457206,0.320854208842622
0.145484622260553,0.216974142324809,0.0932278807762546,0.544313354638383
0.227844101736036,0.271143608846887,0.126459730513336,0.374552558903741
0.289182998644913,0.359140725729974,0.163539986408161,0.188136289216953
0.170370124782027,0.432296839860322,0.0850444158049521,0.312288619552699
0.138743469528005,0.263117481790546,0.0879874667412631,0.510151581940186
0.740782398580628,0.0856047154698573,0.148623821755253,0.0249890641942625
0.18751226540079,0.0950606935333089,0.673101590530834,0.0443254505350672
0.243253753629307,0.420172559860256,0.100611738945877,0.235961947564561
0.0924489506803107,0.2378500641444,0.0443609744822085,0.625340010693081
0.454102357946466,0.253292404719764,0.187420595239353,0.105184642094417
0.13670053416623,0.305559219384683,0.0755628458157292,0.482177400633358
0.186816270029944,0.295587127526673,0.0804590883100302,0.437137514133353
0.342919182870622,0.268235439149366,0.180766203961696,0.208079174018316
0.210629627503201,0.595795889075663,0.0626214919688966,0.130952991452239
0.201691970699132,0.267247753228539,0.121630736824938,0.409429539247392
0.169068228819702,0.479838767516608,0.0915465745224806,0.259546429141209
0.35611937137627,0.489691358240351,0.0672458004533872,0.0869434699299916
0.0935231829344128,0.711675810109194,0.0338498124620191,0.160951194494374
0.432925215470534,0.474490481781317,0.055462412982808,0.0371218897653408
0.364585072788298,0.453930606762919,0.100422843070264,0.0810614773785202
0.0711769768111493,0.782913934736768,0.023359566590051,0.122549521862032
0.0876525401294643,0.224747544978276,0.038489849278873,0.649110065613387
0.279217610959404,0.155737770429577,0.484011282219052,0.0810333363919665
0.163183967903793,0.527039852613399,0.0514728941058869,0.258303285376921
0.455784070161234,0.263998280523514,0.203840772392048,0.0763768769232035
0.359295644114538,0.317953368181735,0.241063900516616,0.0816870871871108
0.128615980840031,0.230395842368596,0.0587261561324757,0.582262020658897
0.568099814365119,0.197830793261172,0.178546869488575,0.0555225228851341
0.543939698924098,0.24593629318748,0.128284667436741,0.0818393404516813
0.448035039636519,0.2651751118997,0.221434852015472,0.0653549964483087
0.354624867491683,0.365431565968186,0.109028625381484,0.170914941158647
0.627673416469275,0.196274585609841,0.139006538571125,0.0370454593497598
0.453614842385229,0.201428852940192,0.23808530845984,0.106870996214738
0.0547046922756973,0.131627344954945,0.0290310606801686,0.784636902089189
0.47149342534712,0.177864668130975,0.266855255792427,0.0837866507294781
0.693845459282719,0.0660181760475317,0.221474503056978,0.0186618616127713
0.0688609735989303,0.201727625260444,0.0316498621118949,0.697761539028731
0.0986467300958977,0.336880526329984,0.0388724732407163,0.525600270333402
0.0447552818070376,0.137590270225848,0.0195998037565377,0.798054644210577
0.308417839939017,0.305724034339876,0.16178856613449,0.224069559586616
0.148716452710296,0.329431610568631,0.056111763801923,0.46574017291915
0.083812910110017,0.164667720358594,0.0447424677950599,0.706776901736329
0.359637926066814,0.380309140679669,0.0965649496433981,0.163487983610119
0.194624279768496,0.493336551851532,0.0951555262901768,0.216883642089796
0.312490223641127,0.318857347335222,0.140435839674544,0.228216589349108
0.265342690674774,0.494751825242632,0.0874018575830345,0.152503626499559
0.185849456412963,0.407392823560916,0.0782688527276313,0.328488867298489
0.37991686631117,0.284048968790892,0.241607365573953,0.0944267993239854
0.203731040059095,0.27893526023899,0.126352509570691,0.390981190131224
0.0612823139505728,0.196903210604053,0.0281937703201155,0.713620705125259
0.288378958658265,0.547528466528689,0.060622998883436,0.103469575929611
0.277659070627853,0.500803880031127,0.103357475568442,0.118179573772579
0.270418198033999,0.551940387291372,0.102275599114985,0.075365815559644
0.398338098346585,0.272097306889838,0.169893714148467,0.15967088061511
0.340139539449125,0.271324545281192,0.181801159958302,0.206734755311381
0.114689746883262,0.493304194087914,0.0519409554511315,0.340065103577693
0.338061386257096,0.261969296158134,0.242622070813378,0.157347246771392
0.376716678237456,0.371422094405002,0.179105775469312,0.0727554518882302
0.484526595121571,0.180980095967735,0.274672072615097,0.0598212362955968
0.325388142287686,0.318834224076159,0.224098013183385,0.13167962045277
0.303738572434248,0.250030030176646,0.219246711921723,0.226984685467383
0.111996331978518,0.604102965836888,0.0391270741276807,0.244773628056913
0.322162561645018,0.319430558788276,0.244666379339959,0.113740500226748
0.270354991154325,0.321996698795565,0.123272333766717,0.284375976283393
0.114662645998259,0.262709060673779,0.0482163477597282,0.574411945568234
0.0577003283160125,0.203445875612808,0.0253736449331187,0.713480151138061
0.13235804441553,0.205139305424911,0.0723392212848281,0.59016342887473
0.090459723614864,0.227825587798833,0.0472051042274582,0.634509584358845
0.281961098708552,0.289921345785917,0.162437401151805,0.265680154353726
0.139277239642206,0.528303286204579,0.0553244316055863,0.277095042547628
0.205512547241737,0.498748417918486,0.0638935451457275,0.23184548969405
0.105447749880128,0.199065304372714,0.0597473489504946,0.635739596796663
0.0817635044043283,0.155188431161613,0.0459603696208427,0.717087694813216
0.245274799899994,0.471359970851271,0.128504891944474,0.154860337304261
0.316151799554476,0.329432549021351,0.123354612810836,0.231061038613337
0.32893847782547,0.357495200256177,0.215464746022038,0.0981015758963144
0.260854961600929,0.185091676667799,0.444592260434585,0.109461101296687
0.503516033315754,0.0780130172158632,0.396993383301657,0.0214775661667258
0.483675684782174,0.386805229421087,0.0738570330475802,0.0556620527491595
0.286010271292324,0.496766036299024,0.0704710662589635,0.146752626149689
0.206915605597311,0.274798828549477,0.112464117200778,0.405821448652434
0.105901074235451,0.798212351005574,0.0333792871601571,0.0625072875988179
0.458328825320053,0.368197299948563,0.121463259067906,0.0520106156634776
0.399165354461904,0.23990056744005,0.270095255274503,0.0908388228235435
0.28041879664076,0.26803918424998,0.236195824280722,0.215346194828539
0.112954106068043,0.212310803257448,0.0544447318593769,0.620290358815132
0.100894383464685,0.175635745007053,0.0605887721241421,0.66288109940412
0.097642404333884,0.835620348487204,0.0269089424591448,0.0398283047197675
0.197248000953085,0.253231690197693,0.11284832975547,0.436671979093752
0.297496329719358,0.301951516484246,0.145924176796706,0.25462797699969
0.181276350729903,0.342938317726359,0.0849229332296505,0.390862398314087
0.236936971148155,0.508216369481037,0.0683540672266559,0.186492592144152
0.126436668333468,0.262326062593905,0.0586402332033458,0.552597035869281
0.207829073357438,0.255135521148217,0.130590718568807,0.406444686925539
0.420906553991602,0.371598476802596,0.117021066806901,0.0904739023989009
0.492406335841811,0.143168477813095,0.309958945755938,0.0544662405891561
0.076496795400114,0.0224787574276454,0.891881893643941,0.00914255352829953
0.241193120990872,0.0922681929517451,0.625310794087946,0.0412278919694364
0.368407731008662,0.273183296370346,0.262526787716765,0.0958821849042273
0.181650062530848,0.477489604513239,0.0715506687227104,0.269309664233203
0.596707139319486,0.265662111332547,0.0815919012530408,0.0560388480949265
0.305154895803991,0.229514776324991,0.303360917530514,0.161969410340504
0.258854074386615,0.511679961769905,0.1178760474582,0.11158991638528
0.22104932218918,0.62266262502161,0.0801877870855262,0.0761002657036833
0.267213742293265,0.239731165786948,0.248749737183818,0.244305354735969
0.17902296182858,0.0895137067868368,0.689682379348969,0.041780952035614
0.224500022702096,0.573956472231993,0.0802787747998055,0.121264730266106
0.305616859774987,0.235485257113633,0.370187649191021,0.0887102339203589
0.275271126963719,0.304764193807205,0.12633899484052,0.293625684388556
0.265402210295157,0.519143042781099,0.0654341886468635,0.15002055827688
0.131207192206426,0.220607891558815,0.0678716057425845,0.580313310492174
0.220527098200534,0.30427277560451,0.119132419096397,0.35606770709856
0.554204865440904,0.205356506476709,0.186347729735159,0.0540908983472286
0.31298079012104,0.172214596596302,0.447062833294532,0.0677417799881259
0.471095702520034,0.177552806624125,0.300242562828432,0.0511089280274089
0.300624529277681,0.14249553429346,0.477829420390007,0.0790505160388517
0.215105325860414,0.592486727131974,0.0909519430880914,0.10145600391952
0.649697686116914,0.194913998040752,0.109686667444745,0.0457016483975888
0.0448452676676634,0.111447520552357,0.0237688527709127,0.819938359009067
0.244863782939884,0.320462559680438,0.134185682725314,0.300487974654365
0.241408874220568,0.289096475601732,0.157874112007526,0.311620538170174
0.193237757960114,0.09403735941307,0.665510948465073,0.0472139341617421
0.375117932730898,0.286179979302769,0.247935096833505,0.090766991132828
0.359316589075698,0.384554111085989,0.156738318051753,0.0993909817865591
0.155566794831976,0.242386115526659,0.105648314350615,0.496398775290751
0.179563773743823,0.376375418424405,0.0983637208092622,0.345697087022509
0.231522133081767,0.314190860129633,0.141409184302923,0.312877822485677
0.312751975379502,0.236044114823304,0.342086292671074,0.10911761712612
0.163305510172522,0.258727505760961,0.0984163943849097,0.479550589681607
0.17379109557599,0.53359487850295,0.0708174527560256,0.221796573165035
0.157760848970949,0.250343228094259,0.0870059678748114,0.504889955059981
0.157167578454319,0.297528242226391,0.0917081908478595,0.45359598847143
0.38789600076395,0.171527409720233,0.348378200517909,0.0921983889979081
0.116825664305967,0.225141890116317,0.0710210315909387,0.587011413986777
0.147026494246398,0.467721244669472,0.050236030707118,0.335016230377012
0.465616972285009,0.336999457333998,0.0990540081318162,0.0983295622491776
0.594001918006329,0.137425114349826,0.216270337151844,0.052302630492001
0.527184803194939,0.202240849276338,0.184758061311278,0.0858162862174448
0.230748983688529,0.441717173333214,0.122873158083599,0.204660684894658
0.46477440207623,0.110728905357464,0.379646702981392,0.0448499895849135
0.127239164948234,0.297892418974724,0.0597048427143024,0.515163573362739
0.279984065229026,0.0883611562703606,0.595728661602341,0.0359261168982719
0.209454169180556,0.259835111445949,0.157816736920093,0.372893982453403
0.338575424463785,0.348032388845479,0.15216148521823,0.161230701472506
0.370903929798425,0.332839133605847,0.134146177298683,0.162110759297046
0.204296702912273,0.324921793090178,0.118929182308639,0.35185232168891
0.140868223528054,0.473179680071249,0.0463239262126495,0.339628170188047
0.317044713166012,0.225039848408122,0.36608814032303,0.0918272981028366
0.171167732414059,0.0703805908606755,0.725031078840067,0.0334205978851983
0.134750328000752,0.238757448408591,0.087810496213309,0.538681727377348
0.0870431244114097,0.165992808912026,0.0507787448698895,0.696185321806674
0.171826724012525,0.0685274924482558,0.733215484513355,0.0264302990258641
0.0583890470332735,0.165304163649339,0.0288826190175591,0.747424170299828
0.272642642957354,0.478705785775199,0.0867215765704571,0.16192999469699
0.487374762542658,0.251636736759838,0.176860786830388,0.0841277138671163
0.20529389879401,0.257626226332797,0.121688765087787,0.415391109785406
0.189003475053013,0.409729100292133,0.108266421252635,0.293001003402218
0.167407776793386,0.233274533480059,0.106676148558958,0.492641541167598
0.477239714869661,0.342008971465644,0.0904443878215754,0.0903069258431205
0.108024384274992,0.562746118536927,0.0409528794957212,0.288276617692361
0.243343859023259,0.138431133806996,0.539638966175568,0.0785860409941776
0.1968819968705,0.342656302309963,0.0919806806779359,0.3684810201416
0.351702913134574,0.358384751737508,0.134409773825248,0.15550256130267
0.284443148421005,0.250624623428602,0.309056852717891,0.155875375432502
0.149655336928321,0.279831252576878,0.0939450729873331,0.476568337507469
0.269433411762072,0.242632725727954,0.238523304949312,0.249410557560661
0.121637827379164,0.211463307832111,0.0769476679322411,0.589951196856483
0.091155790811441,0.173432857743847,0.0513063198492838,0.684105031595429
0.181820024753304,0.243772903863824,0.0990306405449718,0.4753764308379
0.485367610139907,0.117489389639111,0.34979637555802,0.0473466246629615
0.226935235286315,0.323009030109685,0.0912665560092786,0.358789178594721
0.386173566186575,0.324753491134181,0.207166614077949,0.081906328601296
0.554652719962693,0.24577693730144,0.147753720890097,0.0518166218457698
0.433213317248546,0.113338981102306,0.410322451391443,0.043125250257705
0.635944314957896,0.111586062916563,0.224818969102923,0.0276506530226183
0.205600042949578,0.333637994139919,0.10395733502009,0.356804627890413
0.498356013985813,0.197855760749506,0.232303679283924,0.071484545980758
0.582606991692454,0.218344140719658,0.148095632279897,0.0509532353079908
0.308661273929428,0.508208045605847,0.105014240721776,0.0781164397429493
0.181594168846823,0.432723972019658,0.0888737188235303,0.296808140309988
0.347845201758921,0.324587617418806,0.222506075566225,0.105061105256048
0.102224499778512,0.465512061763795,0.0424310239243862,0.389832414533307
0.212926543737557,0.504217057763702,0.117228332745276,0.165628065753465
0.17374385951928,0.38911852623021,0.104405602620774,0.332732011629736
0.0224486597317075,0.0521517687359426,0.0108984805164102,0.91450109101594
0.327280156817518,0.255847881460226,0.313572350172534,0.103299611549722
0.253478244954653,0.26037507620782,0.275115724832021,0.211030954005507
0.285780713541797,0.500336305196546,0.110880660179302,0.103002321082354
0.285875557280138,0.281557292131708,0.192425983404891,0.240141167183263
0.292493848201221,0.241600753683126,0.24233305416733,0.223572343948324
0.229643692989828,0.305281047957446,0.198860577231885,0.266214681820841
0.413621616214567,0.191926106265262,0.291100899428433,0.103351378091738
0.1244886480614,0.546024945312842,0.0555892256486833,0.273897180977075
0.306027541716596,0.238311321132977,0.248601734382592,0.207059402767835
0.335196205333421,0.232138580886597,0.247620079714294,0.185045134065688
0.334808841930592,0.352760430297096,0.199944227187735,0.112486500584578
0.207227778855629,0.283643082717536,0.1391412464808,0.369987891946035
0.241580980663852,0.132648852075174,0.549867843493738,0.0759023237672359
0.174471011332961,0.466412323191357,0.0720699825482441,0.287046682927438
0.238658768654278,0.134711420126991,0.551371430630143,0.0752583805885877
0.273539411396328,0.405687777808074,0.165600072523491,0.155172738272107
0.196418748495928,0.0626621677361469,0.717718651847578,0.023200431920347
0.210903054671798,0.586527704429085,0.0905404125471569,0.11202882835196
0.213647835809693,0.297097662220587,0.102932329696089,0.38632217227363
0.389196763599801,0.165685735264388,0.399873829705614,0.0452436714301977
0.269786386245548,0.428660711750085,0.123673664044677,0.177879237959691
0.167142349455125,0.0611230491485547,0.75031506906468,0.0214195323316405
0.477917577687558,0.0844113139601484,0.407040781010115,0.0306303273421782
0.323204457180607,0.223157800378014,0.346043164709094,0.107594577732284
0.0798700206718928,0.199147798163237,0.0408800676055882,0.680102113559282
0.503851086194045,0.240549691341087,0.193622503249901,0.0619767192149671
0.38402845395888,0.355209606703043,0.163986920834966,0.0967750185031105
0.50784467321829,0.141863782637783,0.289916920100847,0.0603746240430808
0.240831905996641,0.565276761274278,0.0892890242609106,0.104602308468171
0.187317121168419,0.430591042308425,0.0944323891833554,0.287659447339801
0.260197295920541,0.37420270663208,0.155832395247358,0.209767602200021
0.462146159461423,0.135532951446738,0.361664188833932,0.0406567002579078
0.143662915710107,0.0521976212404317,0.78374127187177,0.0203981911776917
0.471956358461194,0.159737299063754,0.324680514285242,0.0436258281898099
0.163815068041513,0.0451960394391417,0.774686036650766,0.0163028558685795
0.36834492054599,0.0642460441255109,0.547586133179269,0.0198229021492307
0.116339111494216,0.467341339568896,0.0514720511001274,0.364847497836761
0.254439547409672,0.407714114378283,0.14116006747047,0.196686270741575
0.485701553960121,0.381677977417139,0.0874108103939568,0.0452096582287833
0.324432675390264,0.170837215769936,0.398091640041552,0.106638468798248
0.233907931776452,0.290018191715708,0.188607610161615,0.287466266346225
0.717843566964475,0.16721415205,0.0892260668698107,0.0257162141157142
0.259786555773834,0.174866213258597,0.467099640713015,0.0982475902545535
0.228133623687755,0.127292590630821,0.583644113610313,0.0609296720711107
0.0732650904129423,0.145793706746569,0.0388962832700841,0.742044919570405
0.39499696043676,0.200223940415164,0.314493281811498,0.0902858173365777
0.239365532773889,0.113173276037528,0.588144459730219,0.0593167314583639
0.0988529442271544,0.0374559863252553,0.847901707381778,0.0157893620658122
0.17479173519493,0.0579565739292085,0.742637528359781,0.02461416251608
0.579097363490339,0.290749835292252,0.0789477670293034,0.0512050341881052
0.143443756572338,0.0578395940182679,0.77502889306527,0.0236877563441235
0.456544246865994,0.0821004032586138,0.436581463621931,0.0247738862534605
0.37150061898298,0.125698244057765,0.44546788378124,0.0573332531780144
0.199636457290138,0.272428919969523,0.150799437607654,0.377135185132684
0.327868699862627,0.298881537279208,0.202563445343747,0.170686317514418
0.303265893101306,0.18008278168909,0.450229995197369,0.0664213300122353
0.294899955102584,0.505137148031802,0.102183238391222,0.0977796584743916
0.114853880765787,0.552966161309026,0.0471246703566439,0.285055287568543
0.439086742969778,0.131842980155075,0.393043089351521,0.0360271875236264
0.311660875199987,0.412614612308618,0.142757810899248,0.132966701592146
0.121410387574596,0.730421719819209,0.0475319563393077,0.100635936266887
0.266794150180716,0.296228611738548,0.186016698789887,0.250960539290848
0.148605504787926,0.221217027035533,0.0909273944577219,0.53925007371882
0.599753963652161,0.198564142864364,0.162557991632964,0.0391239018505107
0.0419280486889297,0.15519178265611,0.0184979556314444,0.784382213023516
0.151011930240452,0.230090908462379,0.0926823527623288,0.52621480853484
0.250483705312034,0.147939381755689,0.526745614330122,0.0748312986021548
0.237626333128278,0.531733572142747,0.0682405931684162,0.162399501560559
0.190320554208154,0.259677793752172,0.138338292768132,0.411663359271542
0.259758843144569,0.50376196559139,0.125910775819094,0.110568415444947
0.392484011710659,0.12043086377363,0.434830572232375,0.0522545522833352
0.101818908743392,0.351915266641844,0.0478190109473704,0.498446813667394
0.272349707758524,0.167654513627266,0.451719031477767,0.108276747136443
0.364020825709892,0.379299239909503,0.12654257745341,0.130137356927195
0.134371059281958,0.596226644579263,0.0610072445048397,0.208395051633939
0.241104577027357,0.147164017330512,0.527833498112175,0.0838979075299559
0.15882801581822,0.0609215600080673,0.754423533676248,0.0258268904974653
0.432052649101066,0.255225402370958,0.204690108340587,0.108031840187389
0.32334617149525,0.251419617623255,0.309928213419593,0.115305997461902
0.29585789031808,0.19319398884718,0.430676798168112,0.0802713226666283
0.256896555475826,0.102120835377462,0.591799080837836,0.0491835283088762
0.0774201022306983,0.0205890203243593,0.893945266009585,0.00804561143535748
0.26644161210497,0.43180039512183,0.130545841078311,0.171212151694889
0.142183512977124,0.221739246762751,0.0946870396410388,0.541390200619087
0.14792363951077,0.0620063650619839,0.763609158512016,0.0264608369152307
0.279959034445944,0.45625147328926,0.113150125756075,0.150639366508721
0.562340474717315,0.153303640105388,0.225511986534216,0.0588438986430809
0.288679273593412,0.215025008541716,0.373092419931119,0.123203297933754
0.254296175633936,0.114561922323672,0.57224851393184,0.0588933881105525
0.104156771258054,0.319098772945558,0.0478713406782342,0.528873115118154
0.244072166019506,0.298932940906442,0.228786155913273,0.228208737160778
0.324335161570945,0.323971683608575,0.12782077498575,0.22387237983473
0.297981931269564,0.167687809695951,0.453864415023766,0.0804658440107185
0.501867381672551,0.246926844986136,0.174302067449241,0.076903705892072
0.185829202625869,0.0592975113582913,0.728967692421205,0.0259055935946348
0.3576848753319,0.258918021942745,0.217994030015436,0.165403072709919
0.161920313180847,0.224877332073586,0.103432301268323,0.509770053477245
0.29969653778015,0.454178285879978,0.147382763160898,0.0987424131789735
0.219997121673226,0.105712160969473,0.625353704788733,0.0489370125685675
0.372154635585,0.256521381117452,0.189229046952671,0.182094936344877
0.16931799329528,0.467129416959616,0.0906282274794001,0.272924362265704
0.183301779888131,0.366907132464849,0.11018553615124,0.33960555149578
0.132768996507701,0.305896640461741,0.0742377823002149,0.487096580730343
0.0821933488545603,0.151947644571733,0.044840941149519,0.721018065424188
0.131341205011398,0.252683229140004,0.0597271919970138,0.556248373851585
0.170632600015233,0.246900212773776,0.122272388873601,0.46019479833739
0.245536490076976,0.254006123530648,0.179757637242217,0.320699749150158
0.111865969791428,0.278582263337864,0.0554695003974578,0.554082266473251
0.197837202225268,0.317387750738149,0.090413134946261,0.394361912090322
0.128659616363031,0.290404398503385,0.0533827785764011,0.527553206557183
0.659228170945053,0.20729806075102,0.0903745153423861,0.0430992529615407
0.443467009419201,0.112483263493029,0.410131752831618,0.0339179742561521
0.185067839555577,0.0654670087680158,0.726572566789212,0.0228925848871952
0.262838418058709,0.243479574533859,0.236385861465751,0.25729614594168
0.299598585944826,0.1438346517546,0.507229065567054,0.0493376967335198
0.13211556789792,0.209000858693479,0.0672790519541605,0.59160452145444
0.288059900559448,0.486047423092372,0.130122424975781,0.0957702513723997
0.342218232392987,0.409237308584613,0.123643666382387,0.124900792640013
0.129192390777187,0.460279104618723,0.0573329060063821,0.353195598597708
0.312437737519652,0.278092906562406,0.169553267056852,0.23991608886109
0.328411290181033,0.509247336911524,0.0808058049809786,0.081535567926464
0.164314633847792,0.493373038631944,0.0862102380568307,0.256102089463433
0.399226354770247,0.203422295701815,0.282848150848086,0.114503198679852
0.162703880950015,0.476218094362829,0.0827235655019323,0.278354459185223
0.341789597794133,0.160062538171784,0.440411321411301,0.0577365426227819
0.54432845647497,0.17240459203539,0.236727620171105,0.0465393313185348
0.189533714727648,0.531475351784893,0.0825612446905075,0.196429688796951
0.155370819490446,0.299313925144797,0.0623860389737164,0.482929216391041
0.242285554516233,0.287727778925024,0.126301411083916,0.343685255474827
0.208591779176319,0.346806497717345,0.153752259751684,0.290849463354652
0.223879745362132,0.299354247839077,0.140890032855293,0.335875973943498
0.262867150309279,0.285383391395711,0.126894363320254,0.324855094974756
0.227284551819372,0.593372506338148,0.0543306893258419,0.125012252516638
0.130279081993315,0.251547210530366,0.056553959632508,0.561619747843811
0.260251150955134,0.491311297238245,0.133021501543748,0.115416050262873
0.0992241163308495,0.27687862902628,0.048272484451856,0.575624770191015
0.530892431157736,0.319354930371491,0.0823411575236074,0.0674114809471659
0.16297018699508,0.564854238630826,0.0719752635253033,0.200200310848791
0.106276654157191,0.495672428535677,0.0474167450194039,0.350634172287728
0.300905481675273,0.361705692761868,0.145728933191829,0.191659892371029
0.134791944243454,0.613770183590801,0.058202654025277,0.193235218140468
0.610551300340443,0.217751694934393,0.115833277083418,0.055863727641746
0.320139835931748,0.379881567784999,0.099878164193878,0.200100432089374
0.132307995939003,0.350925962133571,0.0538901093397167,0.46287593258771
0.636371000129907,0.19835862057651,0.107973529309709,0.0572968499838747
0.0577890063102752,0.118560515181993,0.027629120893418,0.796021357614313
0.138840408137189,0.36297022431868,0.0592609957753507,0.43892837176878
0.316981641168524,0.277335032992646,0.179301072174998,0.226382253663833
0.292367154095591,0.165448756995205,0.474521153838906,0.0676629350702971
0.166677457678683,0.484157792167277,0.0763088958672713,0.272855854286769
0.151529855565069,0.229508601371198,0.0900188183893892,0.528942724674344
0.186982944524067,0.27541586325382,0.099357504896148,0.438243687325965
0.269622817523491,0.102344951072937,0.585805609030163,0.0422266223734088
0.301209713101912,0.274546960400888,0.170415624249375,0.253827702247824
0.488655196406737,0.191716609968024,0.27065460760063,0.0489735860246092
0.139112647459516,0.358728310699928,0.0517891085783948,0.450369933262161
0.177066965143191,0.54017531422908,0.0637917650233404,0.218965955604388
0.423694561351508,0.194441641953111,0.306011037554328,0.0758527591410526
0.532398231524621,0.249351956157302,0.160996711488436,0.057253100829641
0.23323074700385,0.426404971696242,0.120761747505016,0.219602533794891
0.290780113387319,0.360360144014166,0.118456573607608,0.230403168990907
0.031410030714516,0.0781107447215485,0.0158217504682272,0.874657474095708
0.372588414609481,0.0798338635305436,0.517833407440553,0.0297443144194227
0.475824475991214,0.301432140919499,0.127679985956347,0.0950633971329391
0.353521663535572,0.220793340479808,0.333090478336068,0.0925945176485525
0.156342414758815,0.490483263143328,0.056420783834029,0.296753538263828
0.335516046397308,0.250265426666657,0.239376223122418,0.174842303813617
0.177811289447559,0.433884965717112,0.0599114183075925,0.328392326527736
0.33195480798763,0.231480755181923,0.348617984257792,0.0879464525726545
0.313950051676348,0.0923001864097823,0.5667510070679,0.0269987548459693
0.018053488739414,0.045531883152606,0.00901631428664591,0.927398313821334
0.14326254695139,0.225370255155521,0.0938207383959301,0.537546459497159
0.145592984365189,0.435831563739148,0.0722481912448008,0.346327260650863
0.416356983753762,0.212485021798492,0.257576680615597,0.11358131383215
0.0626747859734558,0.225655614230708,0.0270861723609272,0.684583427434909
0.0891257935102689,0.23431133926738,0.0481655358504256,0.628397331371925
0.662373533602981,0.187420125614324,0.0991889666018373,0.0510173741808574
0.269962743324985,0.507908662633975,0.0760959868104942,0.146032607230545
0.387753063820408,0.160651682366758,0.378132374179545,0.073462879633289
0.338803123588077,0.357061251315855,0.207645295279909,0.0964903298161594
0.211459439198936,0.314118425746654,0.140065973947247,0.334356161107163
0.234468207930213,0.250375210663909,0.165749003105405,0.349407578300472
0.135664363609358,0.431331933837724,0.0638114574674174,0.369192245085501
0.319175463749589,0.200353877853595,0.411612172916792,0.0688584854800239
0.0836251516336219,0.176720955695386,0.0458171504673882,0.693836742203604
0.418570256202892,0.360080453496264,0.145462321894735,0.075886968406109
0.521320608072471,0.20849437188788,0.198022556576973,0.0721624634626757
0.377714391431328,0.203019073686638,0.307378060975022,0.111888473907012
0.355762808779575,0.411715214858298,0.111393923975523,0.121128052386603
0.332867157471286,0.272844745657482,0.17169425855317,0.222593838318062
0.285230084062628,0.452797068932192,0.0798121907221635,0.182160656283017
0.434553852111028,0.416204744366268,0.0951723395925065,0.0540690639301978
0.142614813790222,0.354532993436735,0.0814475178581841,0.421404674914859
0.088440557277592,0.16447668076228,0.0526186811456198,0.694464080814508
0.189117916449186,0.662948332796733,0.0493887466678237,0.0985450040862572
0.0786299103350973,0.190665007059999,0.0334585560343139,0.69724652657059
0.22307248555349,0.642114946943642,0.0469154893139544,0.0878970781889127
0.140673998533106,0.214295387507349,0.0820845834125681,0.562946030546977
0.0541968892285093,0.858353460376787,0.0174196239265154,0.0700300264681887
0.251982246964587,0.28704965618688,0.252183221678375,0.208784875170158
0.356077104504346,0.408408671925676,0.144384564430031,0.0911296591399468
0.138814520401515,0.207619674093897,0.0803122068168521,0.573253598687735
0.157684794138872,0.239249466434679,0.0970890752650757,0.505976664161373
0.296248961996185,0.414001175831929,0.138583799195765,0.151166062976122
0.319350995466626,0.220451930370984,0.322171943430934,0.138025130731455
0.235230614278272,0.261955949122679,0.149455635172729,0.353357801426319
0.0886926899519682,0.789011656112242,0.0267844558964245,0.0955111980393652
0.260771310983421,0.266875613952085,0.291342993374868,0.181010081689626
0.259139993883698,0.296303111101268,0.135028944184217,0.309527950830817
0.240000728823247,0.585813977628494,0.093369682667829,0.0808156108804309
0.0623111023370444,0.158992824667153,0.0327777698191785,0.745918303176624
0.163529975761057,0.292270752209503,0.107776096235815,0.436423175793625
0.169107434973762,0.382293670969593,0.0645940373462581,0.384004856710387
0.226445497107305,0.33813829260173,0.136937548291401,0.298478661999564
0.210790262052228,0.299806702706471,0.144666355473109,0.344736679768192
0.273994238479261,0.486607338233683,0.112438577949219,0.126959845337838
0.36529073757538,0.490978810035813,0.0714748246588287,0.0722556277299782
0.0950876520788082,0.171332060312621,0.048597984922424,0.684982302686146
0.388580116099689,0.175115196447978,0.354324426480808,0.0819802609715253
0.185564795119151,0.0357138209912443,0.766920564623892,0.011800819265713
0.341076945034733,0.313122758274518,0.234395402003443,0.111404894687306
0.114061325769677,0.225843407392287,0.0667000685883374,0.593395198249699
0.27585841175241,0.356605144211123,0.0973988351610005,0.270137608875467
0.147939877370865,0.349669908705588,0.061311738160255,0.441078475763292
0.386514342140111,0.26768968962608,0.203997558059651,0.141798410174158
0.186620031487205,0.496748215651963,0.0953681536275463,0.221263599233286
0.269814587021294,0.246252211183497,0.29684038578566,0.187092816009549
0.102775562114178,0.466936878625492,0.0445301650578935,0.385757394202437
0.141872316290908,0.28278891830254,0.0575707017764756,0.517768063630077
0.364530903036757,0.236261559618154,0.249329797973338,0.14987773937175
0.131306077464322,0.450353169163497,0.0511836688211648,0.367157084551016
0.240782432644534,0.286864876988992,0.112921830958482,0.359430859407992
0.198850755348761,0.439976713826974,0.116526155054229,0.244646375770036
0.242128167589907,0.319761407250167,0.116833864842437,0.321276560317488
0.479382167137847,0.228041096449673,0.221920168469775,0.0706565679427047
0.175449450258254,0.262176571806199,0.0954433129463338,0.466930664989213
0.0902371838487781,0.246329825612806,0.0473867902257992,0.616046200312616
0.295687815155116,0.135639447421301,0.510546964154455,0.0581257732691284
0.17657576572066,0.365893837951819,0.107976777782805,0.349553618544716
0.237432366735476,0.328121279561374,0.188080223971684,0.246366129731466
0.379882975070037,0.26761802284954,0.26529646546744,0.0872025366129832
0.137719185762433,0.485809580104561,0.0661150035028171,0.310356230630189
0.145381319857643,0.428091981938325,0.0762247225273531,0.350301975676679
0.162979979324656,0.303301066933333,0.100327325193418,0.433391628548593
0.121427989828443,0.383154311605151,0.0583074236459425,0.437110274920463
0.423399730002277,0.205311541983316,0.310762034542766,0.0605266934716418
0.205691020065306,0.468513097797481,0.101120317446283,0.224675564690931
0.116262867651861,0.537979925722734,0.0480047164137469,0.297752490211658
0.167811543755291,0.329762238282148,0.0708086131504455,0.431617604812116
0.300177301193649,0.300907012592524,0.13469237694654,0.264223309267288
0.254740610513208,0.13290057136346,0.56366732938378,0.0486914887395522
0.473106046005609,0.290803264512816,0.18327426647168,0.0528164230098939
0.316974650660152,0.424388709395688,0.15820635865736,0.1004302812868
0.147681843482616,0.219432808088561,0.0954436607380875,0.537441687690736
0.28264256345973,0.36763564601319,0.195925573350918,0.153796217176161
0.496120856648964,0.183767507184915,0.276216745976075,0.0438948901900459
0.182213323781152,0.447581823760587,0.0845237149739323,0.285681137484329
0.285689405272101,0.0841915076296736,0.59587254532791,0.034246541770315
0.342376411748101,0.246781466878761,0.241774018187171,0.169068103185968
0.0666564811116907,0.133744095481895,0.0354575620294878,0.764141861376926
0.124558348378129,0.242387965467052,0.0594841344268682,0.573569551727951
0.191313762446615,0.475356078188247,0.0898333888413708,0.243496770523768
0.327006893037723,0.277209784451878,0.178649528946165,0.217133793564234
0.324354854731124,0.402536104493959,0.123035498284636,0.150073542490281
0.124700723544995,0.55143265001546,0.0488102074258814,0.275056419013664
0.229889783738199,0.351652536632924,0.088618051122094,0.329839628506783
0.228111690497259,0.632494436091988,0.0568679060475939,0.082525967363159
0.0856499039827317,0.573900929242806,0.0302895517581595,0.310159615016302
0.244302673769236,0.402337223381373,0.106391756550446,0.246968346298945
0.0459502703236974,0.889801926849039,0.0149630825855669,0.0492847202416967
0.118409695777426,0.24857357378461,0.0582274909355713,0.574789239502393
0.530884219744029,0.161359524268989,0.243952042849956,0.0638042131370264
0.43384480168789,0.424505872320282,0.0713085508646784,0.0703407751271497
0.298055088006273,0.338192612624396,0.134039309974854,0.229712989394476
0.269405485322791,0.2553687239755,0.206101379920003,0.269124410781706
0.305220805373775,0.369196882559957,0.103841668080697,0.221740643985572
0.252617858060294,0.134971540574608,0.546043241967001,0.0663673593980967
0.283026447994352,0.33161276557173,0.245739383212127,0.139621403221791
0.263723817345043,0.46566921423646,0.143726186879644,0.126880781538853
0.172209585696535,0.491848229749875,0.0618288601957589,0.274113324357831
0.271399144919158,0.24306707941125,0.299083475682181,0.186450299987411
0.199091219522129,0.0786867701230418,0.686799222515449,0.0354227878393801
0.515143203466584,0.353316770432119,0.071955729090083,0.0595842970112137
0.13272956881552,0.732188839007025,0.0427632928128905,0.0923182993645651
0.431089649047737,0.225067114583996,0.271053357504031,0.0727898788642358
0.240251292077534,0.308294329556977,0.142881814491039,0.308572563874451
0.303044776247301,0.524026774631208,0.0774621472167856,0.0954663019047054
0.177323082696592,0.283726331359155,0.0880981366130634,0.45085244933119
0.339848869580479,0.129484754449174,0.476171440722798,0.0544949352475495
0.555512639415775,0.296112538789862,0.10280423412232,0.0455705876720427
0.174528856390969,0.332318871223326,0.0749522075984101,0.418200064787295
0.133004836956287,0.232171835654801,0.084007861424927,0.550815465963984
0.280938403842369,0.491294985452143,0.0980529923337297,0.129713618371759
0.214781739978612,0.25441165486205,0.131833140551187,0.398973464608152
0.289112064732603,0.137986184769546,0.517996258800915,0.054905491696935
0.359405589061828,0.34891972828283,0.21017105564603,0.0815036270093134
0.144420888716139,0.286342127369373,0.0841240086304868,0.485112975284001
0.140932719388212,0.269287049693098,0.0726818498265373,0.517098381092153
0.399042851750701,0.240349821873694,0.208897488181913,0.151709838193692
0.223188044059634,0.102759428747866,0.620871646565102,0.0531808806273983
0.503228101125807,0.284206755499464,0.135104680479821,0.0774604628949074
0.922811947487571,0.0275121020334424,0.0434485952416874,0.00622735523729964
0.401622146687678,0.323477096636785,0.205558147908639,0.0693426087668978
0.278030576045405,0.283047866647185,0.152970763197291,0.285950794110119
0.576402628504801,0.175111398121939,0.180516870958704,0.0679691024145565
0.398668064955953,0.231615817391488,0.285361684641139,0.0843544330114206
0.155892372104995,0.226921816137671,0.105074548160068,0.512111263597267
0.357787030366105,0.326453958895238,0.180106472327768,0.135652538410889
0.192712767304836,0.263678622078324,0.140295877772096,0.403312732844744
0.291300522995209,0.42120183595626,0.165083405275171,0.12241423577336
0.493096226401799,0.343403483509624,0.112994876905875,0.0505054131827011
0.232676438874367,0.565722568742171,0.0622751011719379,0.139325891211525
0.500819053481526,0.313180831896802,0.115184128948478,0.0708159856731942
0.341353145976806,0.380765173904646,0.188688991462891,0.0891926886556565
0.482586115459376,0.374785292216122,0.0768814604863109,0.0657471318381908
0.415072835846285,0.129555540669457,0.401713509914151,0.0536581135701067
0.238013650766843,0.337500530932502,0.108814909408861,0.315670908891793
0.219870952268444,0.525215996508525,0.0694138124466473,0.185499238776384
0.357811047750609,0.122046426699333,0.465108573101461,0.0550339524485973
0.0856878287753201,0.15778087256973,0.0500561861136672,0.706475112541282
0.120239109746867,0.322720044214609,0.0546448179988705,0.502396028039654
0.0715741484134696,0.138229910151899,0.0397026518450277,0.750493289589603
0.11569920882213,0.267988809391246,0.0476822301533911,0.568629751633233
0.112117956884405,0.218354926113772,0.0679394655102057,0.601587651491617
0.257880490873887,0.122341449124048,0.552617754311359,0.0671603056907061
0.103084207529511,0.781960659655925,0.0290748327046742,0.0858803001098899
0.278411778297673,0.311285771257099,0.263479090879151,0.146823359566076
0.395549576488366,0.127493538244916,0.419656980984985,0.0572999042817327
0.124745812367403,0.0285712664232214,0.836458469496437,0.0102244517129389
0.220397551482448,0.108000328646405,0.622789908310979,0.0488122115601679
0.284551908225559,0.141053639762073,0.501032330197476,0.0733621218148919
0.394241690028723,0.193297330778259,0.339168513280011,0.073292465913007
0.574706644498605,0.203492129658139,0.166513838529203,0.0552873873140536
0.158574646644745,0.316930674189417,0.102040058680444,0.422454620485394
0.37458493683413,0.13601708516301,0.443898846301677,0.0454991317011827
0.223376928806212,0.425960588982334,0.14156946086305,0.209093021348403
0.0339630041888076,0.0735116449370709,0.016515888650307,0.876009462223814
0.131652520094648,0.23222939404155,0.0842837856615701,0.551834300202232
0.125782555477148,0.0408511433976522,0.818130949809239,0.0152353513159609
0.206221663785367,0.498020511901921,0.114920575918725,0.180837248393987
0.186537250845252,0.0560759643413092,0.73334782170008,0.0240389631133594
0.234802018498399,0.117891440514408,0.594598360501936,0.0527081804852571
0.250021098838909,0.393332539806401,0.178981834708012,0.177664526646677
0.32907711969062,0.386646389895313,0.107640263530307,0.17663622688376
0.29410842912857,0.129907329845578,0.519358012100788,0.0566262289250628
0.200104136448149,0.588544266917852,0.0611715560885659,0.150180040545432
0.269157833887284,0.148150893496307,0.514646334838013,0.0680449377783955
0.0583715203106217,0.136784082723591,0.0315861003118618,0.773258296653926
0.344080858609129,0.424841145243375,0.123324894370268,0.107753101777227
0.199800182647408,0.0897482221157656,0.668002746405267,0.0424488488315592
0.479304236003255,0.116085604086881,0.357814688256692,0.0467954716531723
0.299010288922933,0.271211154668406,0.225366214843447,0.204412341565215
0.578843859545812,0.255765111937707,0.100357356284012,0.0650336722324691
0.146359043468623,0.235224873309532,0.0857352779784006,0.532680805243444
0.248044933066963,0.406160497434872,0.135034395235971,0.210760174262194
0.354812440714504,0.102705302928509,0.510150643775752,0.0323316125812346
0.244302009652121,0.0741502990498212,0.649281643513582,0.0322660477844757
0.646356870182241,0.0757901491196948,0.257871737779735,0.019981242918329
0.413279760856646,0.287145568967653,0.195461670246761,0.104112999928941
0.31442279361216,0.253042788821359,0.329197248299414,0.103337169267066
0.530312056418847,0.0907266321023417,0.351536122653924,0.0274251888248871
0.084224015185512,0.212589810197108,0.0453164780329506,0.657869696584429
0.209645500098082,0.547288274046406,0.10041318139521,0.142653044460302
0.30177291482912,0.226336004046066,0.379878874940568,0.0920122061842453
0.133239684822309,0.524810439086709,0.063429983589229,0.278519892501753
0.2849992211339,0.198939122802032,0.39884059552324,0.117221060540827
0.304299849426868,0.328905325752967,0.171982774824634,0.19481204999553
0.49548374728178,0.13328898656989,0.33689201961725,0.0343352465310803
0.238658792145374,0.287111890193798,0.131501582887034,0.342727734773794
0.385202863743854,0.236332776219294,0.251701606391216,0.126762753645636
0.25091558109623,0.265594913755414,0.263306891202392,0.220182613945965
0.378070055035864,0.269727214697363,0.205153712332544,0.147049017934229
0.162727626601266,0.470787087772768,0.0829817653483734,0.283503520277592
0.280781405831962,0.40420948730183,0.126737851921135,0.188271254945073
0.112140314370548,0.219155898193401,0.0690292780686937,0.599674509367358
0.334518907942481,0.234357175814148,0.286593129971365,0.144530786272006
0.436501081508809,0.103569036953117,0.42234431456303,0.0375855669750442
0.409845434459875,0.206889418235426,0.268124863372426,0.115140283932273
0.256344555369017,0.478422197921673,0.1342774589877,0.13095578772161
0.217341297286017,0.319652176623638,0.174371043209877,0.288635482880467
0.35107319445,0.16788924436671,0.392076693336938,0.0889608678463524
0.317448021013574,0.447325403007534,0.0837851600477689,0.151441415931123
0.455605021568727,0.133106894776299,0.37648789118067,0.034800192474304
0.367928040807527,0.200257870179258,0.301942272329743,0.129871816683472
0.438195993084181,0.255890234739674,0.24980437458314,0.0561093975930047
0.475987867457708,0.146087599549374,0.3203093936379,0.0576151393550175
0.579278942048517,0.275652098675432,0.084914361807772,0.0601545974682788
0.175213758002345,0.249890075689847,0.103273894806014,0.471622271501794
0.341155614420458,0.154146517155831,0.445582773685298,0.0591150947384129
0.098303626127001,0.205900311072364,0.0552157447490122,0.640580318051622
0.227078300247182,0.339831171260698,0.172849511119516,0.260241017372604
0.322604124952454,0.160836041564066,0.436225906229449,0.080333927254031
0.308384998302643,0.140823813973781,0.478253385135573,0.0725378025880032
0.125649982535304,0.207524702762849,0.0800706332904538,0.586754681411394
0.228915893647798,0.103657087729776,0.625535211941967,0.0418918066804589
0.409433136480629,0.213147704045902,0.290503921886357,0.0869152375871123
0.182084702469817,0.388765266297445,0.0856355092856329,0.343514521947105
0.411811490595956,0.152907859261039,0.358841125742557,0.0764395244004479
0.203266671457013,0.325207323151292,0.14310519430018,0.328420811091515
0.0998965652185119,0.18705878552116,0.0548352040975384,0.65820944516279
0.09917032420763,0.192842021525378,0.0557297306041842,0.652257923662808
0.0562910572317136,0.162360294667162,0.028178415853276,0.753170232247849
0.199204545979302,0.2458949874267,0.145274248524509,0.409626218069489
0.164211309181934,0.0516818867481584,0.762796851440267,0.0213099526296409
0.607449656692147,0.243034237552162,0.0992212028348626,0.0502949029208276
0.168499975652427,0.431156238132579,0.0830504898826255,0.317293296332368
0.319495964766724,0.270744361854827,0.262167832364566,0.147591841013883
0.31529080098658,0.183661626478406,0.420267064384947,0.0807805081500672
0.188285055294499,0.0626786928706172,0.723938193167963,0.0250980586669213
0.120059401904673,0.694290907485006,0.0479112266146352,0.137738463995686
0.27262641590808,0.473725229617818,0.136313681082686,0.117334673391416
0.376023506854456,0.318258291715122,0.206227614411146,0.0994905870192759
0.185840567653736,0.0750663092267566,0.70845863311472,0.0306344900047873
0.338732452075801,0.131318370432548,0.462123700355528,0.0678254771361227
0.174439829613207,0.578986800588948,0.0841797911038521,0.162393578693993
0.101340486437854,0.17485075148472,0.0521562709815129,0.671652491095913
0.193318767414548,0.0933272866952586,0.666452059530283,0.0469018863599107
0.223037244598743,0.128608300147615,0.581459766504404,0.0668946887492377
0.241385931820926,0.121507413702351,0.591446154464206,0.0456605000125162
0.508671470732153,0.158717740940561,0.262224883730949,0.0703859045963378
0.209650208221836,0.593549705292446,0.0696767653487121,0.127123321137005
0.179263895635683,0.432649925431047,0.100257416419755,0.287828762513515
0.444793421464514,0.436018021929246,0.0760067106008186,0.0431818460054208
0.192501636866561,0.092056810309209,0.67090237311843,0.0445391797057999
0.214010935965399,0.436444851768077,0.108732098169748,0.240812114096776
0.174247508682866,0.0688747543952005,0.72568103470263,0.0311967022193033
0.215681050464447,0.121367006654616,0.601531710155334,0.0614202327256032
0.215391156637616,0.459041650486889,0.122206586217986,0.203360606657509
0.219377682529267,0.0900622273923648,0.648189363836303,0.0423707262420653
0.2537955849634,0.511081197705596,0.0730520975755132,0.16207111975549
0.263817312177827,0.09618300559201,0.597381403882401,0.0426182783477613
0.403266060682546,0.200675537252948,0.342204047026965,0.0538543550375411
0.260264793377654,0.315200096796659,0.17319157770634,0.251343532119347
0.213356892105948,0.0909183165524797,0.656363637718179,0.0393611536233942
0.185004929626606,0.252295817341903,0.108466604186649,0.454232648844841
0.369273044330383,0.189740837111968,0.329002080002959,0.11198403855469
0.582037726206128,0.207543033382919,0.159723377148344,0.050695863262609
0.104163469656173,0.243832390338659,0.0595081897343851,0.592495950270783
0.386563420892206,0.182134387290908,0.332901307595495,0.0984008842213914
0.299774252579485,0.434020513197833,0.165171026355709,0.101034207866973
0.317810268655239,0.492738378976533,0.0933904233291202,0.0960609290391082
0.174605016107637,0.266804256095933,0.125283023566326,0.433307704230104
0.61210643782946,0.144650405456635,0.190898764827529,0.0523443918863754
0.18622403510679,0.423873694395052,0.111337087178895,0.278565183319263
0.479710787681883,0.18330315894307,0.259234195153679,0.0777518582213675
0.359128012943408,0.510399897321515,0.0761481322930083,0.0543239574420688
0.161268384678214,0.578061783982569,0.0747691955176323,0.185900635821585
0.326476544148222,0.167308319539707,0.411876499097385,0.0943386372146862
0.293846936125982,0.350470094008411,0.232151273840232,0.123531696025375
0.267882952064817,0.137057924246605,0.526231461068765,0.0688276626198128
0.363962823521226,0.0919481392928745,0.510048736909257,0.0340403002766431
0.22798572836155,0.398692693408605,0.132464979207657,0.240856599022188
0.18835553671814,0.609168052533428,0.0776426453281731,0.124833765420259
0.548726322462386,0.144944421893547,0.247751475676904,0.0585777799671619
0.462279070161252,0.290890385827987,0.14493441655093,0.101896127459831
0.286317409928876,0.485439135314814,0.0902465565891843,0.137996898167125
0.455409301198949,0.212124900498088,0.234633264066172,0.0978325342367912
0.274040357830678,0.327335866313811,0.241423086379347,0.157200689476165
0.116840836577917,0.384073318066286,0.0555263381391511,0.443559507216646
0.322880133843516,0.246351544002271,0.342809445330355,0.087958876823858
0.21638465160476,0.0595873190691291,0.700986375361724,0.0230416539643869
0.268066726314091,0.267806912874569,0.200323013904868,0.263803346906471
0.347167976569272,0.0865073470283328,0.536142107335837,0.030182569066558
0.257701888105831,0.124513228415711,0.560510640300104,0.057274243178354
0.286550552321502,0.118931124259343,0.536097635262512,0.0584206881566439
0.156643427918562,0.461097419669139,0.0735618691806909,0.308697283231608
0.325322881327095,0.131127560992453,0.492304447430937,0.0512451102495144
0.263897114809557,0.257626827839457,0.270719715429656,0.20775634192133
0.189113431159667,0.0936286577476635,0.671528167961544,0.0457297431311261
0.728703910210779,0.137303562278905,0.0992075356090544,0.0347849919012619
0.237910541968281,0.473240934294785,0.13784822289264,0.151000300844294
0.449973475912594,0.258806355851888,0.205052247860764,0.0861679203747543
0.478417984519794,0.0997699391449126,0.390150616791107,0.0316614595441863
0.272931047061318,0.421502126543923,0.173769564808326,0.131797261586432
0.252847762113352,0.120511529456399,0.579253733330065,0.0473869751001837
0.107256990119575,0.189691729443733,0.0661913072832273,0.636859973153464
0.180175938250055,0.348721486244154,0.111410701106936,0.359691874398855
0.426258541376485,0.198451033241812,0.295331400537358,0.0799590248443442
0.286840466534113,0.364941901738777,0.17730211341568,0.170915518311431
0.528785414716638,0.217665153475299,0.201429687297147,0.0521197445109157
0.0110218465416343,0.0268844080161875,0.00528861059492313,0.956805134847255
0.281669559428504,0.299747995369095,0.152784463373086,0.265797981829314
0.383291177859415,0.134949930150053,0.41757522339884,0.0641836685916913
0.484595391365865,0.340784068295317,0.115971135607896,0.0586494047309222
0.330434192801934,0.256433036525125,0.322709323078078,0.0904234475948629
0.620200007260314,0.135627043987531,0.196193750826315,0.0479791979258396
0.277471795463278,0.149068307803935,0.486671298590408,0.0867885981423791
0.290603910030583,0.390666206339236,0.165670761831675,0.153059121798506
0.64754067496621,0.15069890393667,0.162850062105937,0.0389103589911824
0.0797358495073534,0.241243065202317,0.0404267069091156,0.638594378381214
0.350440709658206,0.226301968145708,0.258486662274677,0.164770659921409
0.278131010248084,0.388409442877106,0.17535463127658,0.158104915598229
0.418842080151569,0.194805604348174,0.320404000488168,0.0659483150120892
0.318726576863494,0.141592711595737,0.493264546222911,0.0464161653178575
0.102863026825501,0.270450376926535,0.0443408476317996,0.582345748616165
0.182250421892654,0.283200100043713,0.133639327685432,0.400910150378201
0.145660030867781,0.628001745487188,0.0623738292091861,0.163964394435845
0.134872917995773,0.0425991144085474,0.807383206888389,0.0151447607072909
0.117701138220729,0.362571064877145,0.0521577575606611,0.467570039341465
0.271763837092708,0.441059026685535,0.0877415014692227,0.199435634752534
0.104188907079753,0.42822333569749,0.0441761608673434,0.423411596355413
0.390860943292458,0.168392843087306,0.376194856939853,0.0645513566803831
0.0964853597964552,0.344156209626257,0.0458696418398794,0.513488788737408
0.252939169162728,0.164312625560753,0.499357058446973,0.0833911468295458
0.397942049618325,0.19424534334341,0.345916233780792,0.0618963732574725
0.0846359303662369,0.153492746537072,0.0464056330065423,0.715465690090149
0.267327634047842,0.347336210201596,0.104724132421491,0.280612023329071
0.330052776018717,0.116374353374119,0.519237526210579,0.0343353443965846
0.235071418011599,0.439859784534983,0.11457703811156,0.210491759341858
0.468255019969316,0.309545641357528,0.15762066611577,0.0645786725573863
0.228684162679933,0.498501981842646,0.0941810445953396,0.178632810882081
0.287644205822118,0.0716963331504514,0.616952523610111,0.0237069374173189
0.253589368903683,0.406055390184453,0.132427051439461,0.207928189472404
0.125363463703287,0.0268798451398693,0.838956119207582,0.00880057194926163
0.295639071678675,0.144062782547807,0.47752557263871,0.082772573134808
0.352875255557341,0.072110645834851,0.548659420078391,0.026354678529417
0.120135735157782,0.68776132951197,0.0350493660904675,0.157053569239781
0.134598459858887,0.21351343801692,0.0873770373227982,0.564511064801395
0.544928938942116,0.241878008115674,0.169539919475303,0.0436531334669067
0.110855047885724,0.0371743329216727,0.836142008604726,0.0158286105878775
0.14864343773837,0.468601551982423,0.0715875956788356,0.311167414600372
0.215181235801766,0.274096418889219,0.161329600945686,0.349392744363329
0.0969320641371945,0.25795534200743,0.0516059112270973,0.593506682628278
0.574326392829863,0.229803416410628,0.134064381521372,0.0618058092381365
0.57743181464582,0.11462854083455,0.280882951602981,0.0270566929166486
0.323434535109279,0.213751213000042,0.304936657483665,0.157877594407014
0.12939370660064,0.263310137436725,0.0593405054033409,0.547955650559294
0.210581346072891,0.455648063330324,0.0773355298063763,0.256435060790409
0.429314455312574,0.106513867218889,0.422835402795778,0.0413362746727595
0.36847062777294,0.160067455399417,0.417599549884794,0.0538623669428485
0.0660876961935025,0.138663876361928,0.0303333508661169,0.764915076578453
0.279101199112593,0.452053989216424,0.152623927912169,0.116220883758814
0.199729292961615,0.5215784495489,0.102575827649055,0.176116429840431
0.280495297601255,0.0993841326906082,0.572652242334758,0.0474683273733791
0.135198735245619,0.235913895071516,0.0859818260269175,0.542905543655948
0.258805316360898,0.143196149595801,0.521314328095431,0.0766842059478705
0.31063015299174,0.390128084787265,0.133113155233846,0.166128606987149
0.353200619228425,0.380366425259735,0.169339585734481,0.0970933697773588
0.0291297372957412,0.0978236625235205,0.0123927459847432,0.860653854195995
0.244261801933396,0.152594597095642,0.515214777949194,0.087928823021769
0.201860829877389,0.349956612244119,0.0794102226652878,0.368772335213204
0.226093166119726,0.131305659981307,0.575099195508328,0.0675019783906396
0.456949020277616,0.330730143663894,0.145129323289101,0.0671915127693882
0.303383902865939,0.271945137630417,0.180042294834092,0.244628664669552
0.0656375997736104,0.131046378962645,0.0329330258790668,0.770382995384677
0.195407248265909,0.0822540023709691,0.682855166728708,0.0394835826344138
0.365827184236549,0.148774954704192,0.421692177635264,0.0637056834239945
0.445448671595403,0.146890863507521,0.362762049768184,0.0448984151288911
0.203014229339768,0.103501154471962,0.645538398353782,0.0479462178344876
0.845448112375422,0.09620353543623,0.0410222408495446,0.0173261113388034
0.026816135396567,0.0846733434602705,0.0120266261975824,0.87648389494558
0.20039913527979,0.0808014913333962,0.689388269992722,0.0294111033940916
0.23396629415737,0.0615493722903515,0.685622607386441,0.0188617261658375
0.297240979338908,0.097908415092087,0.565139381645148,0.0397112239238569
0.322565803267313,0.521105095275384,0.0638138698802177,0.0925152315770854
0.390169876813555,0.342927845158842,0.150393937796571,0.116508340231031
0.292835806178462,0.183166545344399,0.413128843497361,0.110868804979778
0.326634036176018,0.390104830702113,0.18388339818701,0.0993777349348582
0.287205990607998,0.49806654187329,0.0700196573778063,0.144707810140906
0.09351077505922,0.6808769879199,0.0305939701906686,0.195018266830211
0.234341630232254,0.144560413401056,0.547665333643315,0.0734326227233737
0.135915775183483,0.450888013883494,0.067675085756723,0.3455211251763
0.194654463372182,0.0777315389132706,0.691634054374229,0.0359799433403185
0.303750988019424,0.206206445196718,0.334297063009243,0.155745503774615
0.172439267057097,0.235791224225396,0.110692631999542,0.481076876717965
0.73235516364482,0.130457257049209,0.102164419447621,0.0350231598583501
0.859520219144207,0.0849801148421204,0.0411375868053636,0.0143620792083093
0.298818247161502,0.169477596053032,0.437344212520644,0.0943599442648218
0.441668139736865,0.188336859082749,0.29196901056258,0.078025990617806
0.597343605800685,0.106258937003336,0.270568518021656,0.025828939174323
0.397844733233588,0.129905994069873,0.427338240638222,0.0449110320583169
0.284203068898704,0.404755147008114,0.186396488205511,0.124645295887671
0.34062335119803,0.119187282512221,0.501110042396963,0.0390793238927861
0.125558876375286,0.481658513012306,0.0583951505277499,0.334387460084658
0.14042513839713,0.233395586564484,0.0794288292476505,0.546750445790735
0.338564794104029,0.149818854036317,0.451451822361661,0.0601645294979936
0.0925371452713332,0.230403397406057,0.0510943046694182,0.625965152653192
0.310544412848282,0.113275897728495,0.524342237602269,0.0518374518209537
0.708903868591503,0.149921867934266,0.112006282908626,0.0291679805656049
0.697609685560758,0.189757117783025,0.0766689478549587,0.0359642488012585
0.371652151680128,0.154114833457349,0.430356997984199,0.0438760168783244
0.279519602291136,0.417496777631743,0.150349259335077,0.152634360742043
0.131914112705804,0.230405939623022,0.0797460593026306,0.557933888368543
0.15561802159483,0.0718282653628976,0.740095249927435,0.0324584631148375
0.51744575898905,0.281708254568634,0.123250300605851,0.0775956858364656
0.202487297449037,0.661832541302791,0.0673606839751226,0.0683194772730494
0.222366478529069,0.404779561238629,0.145003786024011,0.227850174208291
0.565116809414451,0.153986187444001,0.235020995798115,0.0458760073434319
0.55015814589509,0.268241462085862,0.126636721000218,0.0549636710188295
0.260953267486879,0.18259535778432,0.442573806816748,0.113877567912053
0.132268393932454,0.262398759967555,0.0827625857527473,0.522570260347243
0.423956078907633,0.145062219776023,0.373122532043963,0.0578591692723808
0.362664175159314,0.180692002983537,0.396734160389903,0.0599096614672462
0.236286939608399,0.0466286130994937,0.70023080389535,0.0168536433967574
0.307485160087066,0.326459036898559,0.218323725982375,0.147732077032
0.797400368287856,0.0857750526711926,0.0960390689476723,0.0207855100932786
0.234332087388942,0.131482216698527,0.572923797553438,0.0612618983590935
0.0946565286278943,0.30695024414235,0.0444923410083174,0.553900886221439
0.444574323898539,0.314495693835872,0.132410561410592,0.108519420854997
0.29274491229921,0.128792862711785,0.519195260410428,0.0592669645785777
0.202760515225047,0.287013098507906,0.113389703270665,0.396836682996381
0.237285137788732,0.118938695849828,0.598314073933872,0.0454620924275676
0.392514822665608,0.27689400003625,0.247661669411681,0.0829295078864609
0.404380102229383,0.357516555604599,0.163632248470188,0.0744710936958305
0.653529045076213,0.178920309378987,0.133836936546537,0.033713708998263
0.11745813014003,0.31224583521843,0.0611000473386213,0.509195987302919
0.403108629481636,0.140289678040483,0.388887148217763,0.0677145442601181
0.525297592892192,0.217852226549659,0.186673756652144,0.0701764239060049
0.205900153846871,0.485983976825749,0.0942388309034752,0.213877038423905
0.257498493973488,0.363051681528267,0.204796243200329,0.174653581297916
0.247256626140594,0.444562029481874,0.130415502239667,0.177765842137865
0.463161880183657,0.137296073958139,0.355035369284032,0.0445066765741726
0.205009525402318,0.102918371157921,0.640257000043796,0.0518151033959643
0.246308644836854,0.385344951855505,0.0852255694818311,0.28312083382581
0.332999677946469,0.398200041463419,0.157313329173312,0.111486951416799
0.309892261827561,0.113147713620318,0.541817273069777,0.0351427514823439
0.279192757807546,0.154561923880758,0.499803717106535,0.0664416012051613
0.388694759176166,0.209171745503778,0.28169680554145,0.120436689778606
0.113441052578879,0.239552398467126,0.0646443105079115,0.582362238446084
0.505196417749691,0.0715898098873734,0.403017476937817,0.0201962954251183
0.784134736845782,0.138009463051946,0.0548962692490382,0.0229595308532335
0.493397192259213,0.334232050681644,0.104428783210052,0.0679419738490914
0.335730734726551,0.166653914118966,0.404127081938732,0.093488269215752
0.173068216267979,0.299959801323728,0.120703192233989,0.406268790174304
0.706580226486981,0.10700907534058,0.151649381998954,0.0347613161734853
0.171226969255512,0.245477883717705,0.121017112423582,0.462278034603202
0.34229451433419,0.288866492825673,0.258847188467787,0.10999180437235
0.278359800547558,0.128578711215331,0.524604716161221,0.0684567720758904
0.227930077774531,0.315577442934182,0.0950591221329479,0.361433357158339
0.353552641173803,0.228590863769709,0.256488125182123,0.161368369874365
0.296509604669927,0.160227141151977,0.485240976961118,0.058022277216978
0.509402626130759,0.157015697411588,0.273514652017277,0.0600670244403758
0.223446010566572,0.126010028939179,0.595867055068941,0.0546769054253081
0.0870963975834964,0.324368432294024,0.0368495811499288,0.551685588972551
0.206058885456096,0.269412811017327,0.109770643259732,0.414757660266844
0.278308478565756,0.136229458106235,0.513859273591804,0.071602789736205
0.280377863834175,0.306372008629201,0.140802060901042,0.272448066635582
0.154063020731005,0.533191865632103,0.0671524081126305,0.245592705524261
0.194352003814222,0.493849661232019,0.107843449510819,0.203954885442939
0.409196464801422,0.117590453682836,0.421868698041651,0.0513443834740911
0.17889333685781,0.086412258480314,0.692413442034381,0.0422809626274949
0.215803964527045,0.113604164434189,0.611478006593289,0.0591138644454777
0.441502887591083,0.284587258503887,0.172502236156781,0.10140761774825
0.229221349627631,0.590905535745583,0.0883179769173483,0.0915551377094377
0.261254658678414,0.377672235915319,0.191826452432633,0.169246652973634
0.104130270822514,0.188906928118255,0.0570107745715849,0.649952026487645
0.153118535292099,0.374262185019063,0.0575294650754578,0.415089814613381
0.562777262395864,0.150005466023626,0.251838261752677,0.0353790098278326
0.206394523771967,0.0960572189895879,0.648590878556423,0.0489573786820223
0.116965810901693,0.0449190807433633,0.821078357761551,0.0170367505933922
0.132961375968444,0.0519030971372053,0.792544215073697,0.0225913118206541
0.0782207905188385,0.747532314328756,0.0287406634952093,0.145506231657197
0.216658758359941,0.427561938620147,0.108633369828084,0.247145933191828
0.207272640341853,0.261665024455238,0.164666486757818,0.366395848445091
0.104216879972828,0.738179458666838,0.0401120549870457,0.117491606373289
0.457668278506184,0.12079728383714,0.381594810058226,0.0399396275984499
0.214166770500737,0.503542727691033,0.103569167891419,0.17872133391681
0.331722459146782,0.303835304959546,0.180254177940744,0.184188057952927
0.102378916638801,0.768937217267416,0.0362261282806596,0.0924577378131226
0.156840075739219,0.366304765243154,0.0848382469148534,0.392016912102774
0.551043110110175,0.104484138683125,0.307722355601351,0.036750395605348
0.10369013412531,0.210540903075815,0.0614866352933973,0.624282327505478
0.316380596884606,0.149371699323726,0.465326749503698,0.0689209542879704
0.346518356774037,0.2482442126123,0.323028351623223,0.08220907899044
0.290535798241927,0.27087266796567,0.222421739724828,0.216169794067575
0.299323287054203,0.265487278281192,0.328711233109262,0.106478201555343
0.152324020208661,0.252841311985065,0.0981534783117602,0.496681189494514
0.316038814403044,0.495224366931086,0.116030409781337,0.072706408884533
0.318742935939782,0.149386523656585,0.479678361389832,0.0521921790138012
0.219615143348134,0.112420658405956,0.620810853262992,0.0471533449829174
0.191655576553459,0.657043037245131,0.0673930616950629,0.0839083245063475
0.459125381586733,0.250916303484931,0.164092619841089,0.125865695087246
0.309533822316438,0.197613079689353,0.346807283701226,0.146045814292983
0.410871869403142,0.305161206683575,0.13717554038222,0.146791383531062
0.392838304344513,0.107369849422074,0.463554032300531,0.0362378139328819
0.347317824035299,0.178697903882585,0.407800425484452,0.0661838465976647
0.418476495906341,0.148444981614479,0.393027022544446,0.0400514999347339
0.293247362223484,0.29347497808321,0.152118544244613,0.261159115448692
0.941325720723244,0.0345214156038287,0.0182733775417177,0.00587948613120951
0.350401127222862,0.184433172385924,0.370275798209896,0.094889902181319
0.0918694430824251,0.263714785564522,0.0465275045684729,0.59788826678458
0.146081099239405,0.0539365108858746,0.775931701521495,0.0240506883532248
0.317980365947526,0.313056738874136,0.240942020459023,0.128020874719316
0.162363228452171,0.0679067278764078,0.73796486306304,0.031765180608381
0.415216241786057,0.180898039308488,0.305068599299887,0.0988171196055673
0.168023593046724,0.360296859415737,0.0737342465910882,0.39794530094645
0.360490274178168,0.171384637532287,0.397906840267341,0.0702182480222032
0.36499769066103,0.172245580454571,0.381993277848423,0.080763451035976
0.171155092651948,0.243335988462473,0.0881559218737159,0.497352997011862
0.145442587346945,0.0559253694862131,0.778368441861777,0.0202636013050646
0.290589537896123,0.369253965782796,0.107670576826053,0.232485919495029
0.153770401932999,0.0666228923200127,0.74840844435221,0.0311982613947783
0.361777125506979,0.130550060260699,0.446405505279157,0.0612673089531645
0.12709320050004,0.293694788371047,0.058781786250152,0.520430224878761
0.508660228630655,0.130166122705394,0.308519218011549,0.0526544306524017
0.18414512181535,0.435332089045858,0.0979830224559939,0.282539766682798
0.311389442550098,0.134106304618109,0.488019638050162,0.0664846147816303
0.323598185778435,0.263279645954393,0.188418559262928,0.224703609004245
0.518120655909877,0.121562471708545,0.316788309583527,0.0435285627980505
0.631718127427139,0.0742232192838672,0.27482570818948,0.0192329450995138
0.239533484327854,0.148416257721145,0.538823781632864,0.0732264763181378
0.326595701174111,0.234487053221886,0.336349901131731,0.102567344472271
0.291054814709498,0.224958372331867,0.391570913977393,0.0924158989812422
0.258361260742165,0.112411670474246,0.571857598408213,0.0573694703753759
0.299369586632462,0.118969959152345,0.539475421954065,0.0421850322611281
0.681424660241108,0.130308551773074,0.147363917955262,0.0409028700305566
0.29857288345343,0.280224412123748,0.295122126666197,0.126080577756625
0.289181153621071,0.226868336362955,0.288568581667602,0.195381928348372
0.155914228841055,0.22900475592391,0.0844294711135171,0.530651544121518
0.241267068402411,0.0578043600861857,0.682359028453089,0.0185695430583138
0.303724882734051,0.273609552309104,0.178580420711768,0.244085144245077
0.294193941627361,0.105338985302168,0.553500925644922,0.0469661474255487
0.208635975991181,0.0949107635205636,0.647996927287955,0.0484563332003005
0.257730506144075,0.152682851268868,0.514803865073101,0.0747827775139556
0.0617028900901839,0.0191793266867132,0.911518985801321,0.00759879742178216
0.207767197539479,0.448430949411799,0.120402882536231,0.223398970512491
0.116633281999525,0.248296318404714,0.0515955697288106,0.583474829866951
0.186498196038041,0.241590029900118,0.131902868754671,0.440008905307169
0.349459245657834,0.242097683617982,0.223541882653621,0.184901188070562
0.351147955100443,0.209488305870109,0.337258493236292,0.102105245793155
0.201010381131504,0.619067200044461,0.0774813583004482,0.102441060523586
0.190089882775743,0.357267264962459,0.123949957618678,0.328692894643119
0.167155587695666,0.316761194971826,0.0881228436160478,0.42796037371646
0.461107293059663,0.334619839584691,0.104210236176981,0.100062631178666
0.180565242507696,0.310559935339423,0.105710623224204,0.403164198928678
0.271838126068801,0.395356552333693,0.186429286422012,0.146376035175494
0.0535270990193616,0.138878809712615,0.0264956908949494,0.781098400373074
0.148089113507689,0.0482644851107757,0.783028524480648,0.0206178769008867
0.122470408119951,0.271888696811342,0.0601056201749732,0.545535274893734
0.482022799464759,0.221256247043136,0.235191969127078,0.0615289843650269
0.848584807025629,0.064746891019049,0.073158404631161,0.013509897324161
0.387016845383168,0.197671020503462,0.312978028209573,0.102334105903796
0.127602398596897,0.0522371472197078,0.797234264645185,0.0229261895382096
0.182520126056719,0.386307072621487,0.0655506419233406,0.365622159398453
0.330741032329357,0.318631525700676,0.19965817744249,0.150969264527477
0.209030752035415,0.259815057675721,0.12779312566045,0.403361064628413
0.30478754532975,0.394303492614354,0.166177477850593,0.134731484205304
0.227077643538926,0.499052058006276,0.119144224885911,0.154726073568888
0.201342338630268,0.681775522390477,0.0606994458201573,0.0561826931590974
0.0643024499244336,0.844297686033726,0.0194257968346671,0.0719740672071732
0.167675871470356,0.060170049104561,0.750714545932799,0.0214395334922836
0.270126362368249,0.273495224223803,0.172982260652839,0.283396152755109
0.344676726709727,0.295859154195402,0.177252460290699,0.182211658804171
0.304724613827665,0.0878647464481914,0.572427134872017,0.0349835048521266
0.237343380797698,0.135472385246396,0.562157680591611,0.0650265533642952
0.397552234023055,0.263497898288948,0.218333165358013,0.120616702329984
0.350372651408952,0.201931389657108,0.324334314244449,0.123361644689491
0.568953813597276,0.124180349358666,0.259614395482045,0.0472514415620139
0.596468727145478,0.147337133387557,0.217882361284672,0.0383117781822928
0.327432020221654,0.445589819425923,0.105812023157015,0.121166137195408
0.619081674667396,0.12464867723141,0.213713117805775,0.0425565302954186
0.279444149077819,0.217907536549132,0.388825999962283,0.113822314410766
0.401998300366716,0.227568535832777,0.22828052323791,0.142152640562597
0.299456733564297,0.183416697996558,0.406179964118865,0.110946604320279
0.0541634164357733,0.115203115919972,0.0274301255708358,0.803203342073418
0.442873876755872,0.143860694063195,0.374241629963352,0.0390237992175803
0.246758757795822,0.5872112670733,0.0664380905451789,0.0995918845856998
0.616403119578673,0.192491893599714,0.155118768708668,0.0359862181129441
0.229615394841207,0.117364636630904,0.598665698478543,0.0543542700493463
0.262843451291927,0.154706820970729,0.509263456145953,0.0731862715913913
0.298161464105331,0.33366510554194,0.187822301670399,0.18035112868233
0.483620357995711,0.278066182232811,0.147501063374854,0.0908123963966242
0.473172412727622,0.183105276806298,0.271634475583818,0.0720878348822629
0.34802003857241,0.258710300468101,0.189929396113219,0.20334026484627
0.601016912373335,0.108444841313982,0.258844428269609,0.0316938180430742
0.146745249467305,0.0499278234985763,0.78454511273269,0.0187818143014289
0.302635219555281,0.496695573233853,0.10280333167139,0.0978658755394766
0.198748817584188,0.0517508473155519,0.730700058214889,0.0188002768853715
0.153835016970118,0.305246129058886,0.0867437076883464,0.45417514628265
0.249299750359626,0.168205161875316,0.489792683444779,0.0927024043202791
0.262263196978166,0.172250831708475,0.465408514567612,0.100077456745747
0.168272444344277,0.0794453653708839,0.718040056861837,0.0342421334230028
0.35206671360988,0.0602938824904522,0.567300340654292,0.0203390632453765
0.484884587040149,0.195980757999245,0.267686658707489,0.0514479962531171
0.0860248927116869,0.196687182693918,0.0477120862548883,0.669575838339507
0.189402209007577,0.331684699144048,0.0789245840642226,0.399988507784152
0.102655172619672,0.220411529951836,0.050155190036165,0.626778107392327
0.355543110242415,0.414514444982908,0.12356998785156,0.106372456923117
0.264830105157006,0.0931777978574603,0.602964971779138,0.039027125206396
0.218786421540989,0.111746192326915,0.610472690878607,0.058994695253489
0.311117101067109,0.133141566506071,0.489423972421842,0.0663173600049785
0.174497899662965,0.714636010766826,0.054107563900012,0.0567585256701969
0.0786941833084677,0.173778842336309,0.0419044797821821,0.705622494573041
0.336621389104147,0.334458223169178,0.144218986419869,0.184701401306806
0.205880134327805,0.0751581589271761,0.691648974137105,0.0273127326079131
0.3205063082303,0.262140805370083,0.193508801601453,0.223844084798164
0.292856752593961,0.251356951808621,0.208772631007068,0.247013664590349
0.290190524211338,0.384098517588865,0.123988399435538,0.201722558764259
0.142650324008003,0.551007792543757,0.0470373557020818,0.259304527746158
0.275705128561369,0.279387421335051,0.241850687685321,0.203056762418259
0.553488523509332,0.112484377922237,0.302449078035905,0.0315780205325254
0.329938074295531,0.104748192768903,0.517969163386799,0.0473445695487673
0.297574967823704,0.260579126956253,0.3341617849349,0.107684120285143
0.49951964381625,0.312360323569161,0.109056721108152,0.0790633115064365
0.153655372268599,0.601457651728733,0.056323044355133,0.188563931647535
0.337820811631627,0.173776246254163,0.38666185084721,0.101741091267001
0.545187871819718,0.131138078042543,0.27374024903438,0.0499338011033587
0.350531180727892,0.467132074630149,0.0803036428348504,0.102033101807109
0.302017987152718,0.271219628105768,0.205791361045304,0.22097102369621
0.548821991231063,0.212552941335621,0.16607589397384,0.0725491734594753
0.215501769103002,0.500906570286181,0.0826427232987248,0.200948937312092
0.368449104871345,0.388923152883152,0.137500433920463,0.105127308325041
0.129425201385475,0.0538987596296936,0.791872054774054,0.0248039842107773
0.173023731984424,0.407050787251568,0.0707204431999484,0.34920503756406
0.290727453363615,0.417092187505691,0.179120328099454,0.11306003103124
0.396784349335693,0.326613933461241,0.118937581437672,0.157664135765394
0.190500946574485,0.0843281096116006,0.687959611190385,0.0372113326235288
0.286264318764131,0.159028624925391,0.46428640961348,0.0904206466969987
0.348406118323055,0.213306939393234,0.326497274031274,0.111789668252437
0.178382971902373,0.238613283979835,0.109014422886037,0.473989321231755
0.271186235388182,0.102006361947056,0.57658798319918,0.0502194194655826
0.293853455942909,0.150675178546373,0.476472212725229,0.0789991527854891
0.163718716173987,0.427235807334036,0.0556733096546578,0.353372166837319
0.209348583228933,0.542057757671951,0.0824050663916937,0.166188592707422
0.162164710896087,0.431412971472001,0.0609908863088714,0.345431431323041
0.189847978974281,0.248633122724595,0.128442684533543,0.433076213767581
0.255398267682111,0.0796322144330665,0.632177311678286,0.0327922062065358
0.255222614720234,0.263367255644607,0.165257579444068,0.316152550191091
0.149833733239676,0.292588085588221,0.096769078073727,0.460809103098376
0.324315018819813,0.138669997238979,0.462596851020917,0.0744181329202911
0.197439660403092,0.530699509348326,0.0996857980089567,0.172175032239625
0.267265463713116,0.325652712189169,0.128813359696625,0.27826846440109
0.476861810121884,0.322966302144806,0.144897511352621,0.0552743763806888
0.219754397675314,0.1235868495049,0.592859272501468,0.0637994803183185
0.196155557224054,0.0972504485590502,0.656929517230087,0.0496644769868084
0.221734555609189,0.495663654504623,0.118017880760107,0.164583909126081
0.388018071829286,0.251736962813803,0.229903423081175,0.130341542275736
0.249621583563707,0.132605372013702,0.567231645806596,0.0505413986159952
0.123664053333229,0.0531831864655907,0.800841530090317,0.0223112301108635
0.376389762983806,0.0886232999001074,0.502915893066754,0.0320710440493323
0.582421961553417,0.205056862670476,0.1389624308649,0.0735587449112065
0.582191972734769,0.186426425805495,0.174758149377693,0.0566234520820427
0.259837944485554,0.0791586085590572,0.627758815367185,0.0332446315882039
0.32381609752476,0.466174640016818,0.12726598631705,0.0827432761413718
0.33788987167281,0.348815958536171,0.175551641682883,0.137742528108137
0.290042937447464,0.429452198952269,0.132007562441277,0.14849730115899
0.556647286771117,0.130161555521793,0.275779136578875,0.0374120211282157
0.297364795971261,0.226025258984105,0.372908535389102,0.103701409655532
0.272712124602786,0.176400923725982,0.46125974673421,0.0896272049370215
0.234215726254121,0.506996777035935,0.114050190256406,0.144737306453538
0.295921365537145,0.155580418382412,0.453907525435365,0.0945906906450786
0.244260966911437,0.115405569273254,0.577906875901842,0.0624265879134675
0.308456752547279,0.237554489656558,0.365196392227947,0.0887923655682151
0.512716809091266,0.370923882267358,0.072637251749884,0.0437220568914922
0.239790175363,0.145324110255124,0.533371316838239,0.0815143975436372
0.251408716864553,0.155006877250903,0.519350634589199,0.0742337712953448
0.268524049906807,0.174291342045577,0.4429731599225,0.114211448125116
0.457530042944175,0.169488346613155,0.290932096531931,0.0820495139107391
0.425248062358066,0.210193565224917,0.255936817649161,0.108621554767856
0.303033411010832,0.0971075545576713,0.565377984894311,0.0344810495371857
0.0976465130365348,0.18589064833875,0.0587144157357371,0.657748422888978
0.145363086710278,0.336635661622412,0.0843028797216288,0.433698371945681
0.077144294556168,0.0273713953241995,0.883991537393386,0.011492772726247
0.565576182746579,0.241151816892173,0.115790990859197,0.0774810095020509
0.175530836875575,0.330781556852964,0.0771213754991125,0.416566230772348
0.5886155461784,0.122233561286941,0.246280778070676,0.042870114463983
0.148423430006542,0.239014896179477,0.0708408900194758,0.541720783794505
0.32958664055605,0.185558166601253,0.360351668211473,0.124503524631224
0.271198334136666,0.432517722189095,0.082102022360799,0.21418192131344
0.100577718725044,0.241695668842023,0.0474737317568352,0.610252880676097
0.303495044522765,0.195844230095839,0.390664455391096,0.1099962699903
0.142039738511773,0.0494605252994191,0.786959239050703,0.0215404971381049
0.198187134266444,0.271101147173391,0.108245572609107,0.422466145951058
0.154717103097168,0.254257625267678,0.103902414363125,0.487122857272029
0.43928804126764,0.323287576710566,0.175868487448505,0.0615558945732889
0.334624082132869,0.106800945981181,0.514457549190073,0.0441174226958765
0.180687623449473,0.0762994696592482,0.71118520171379,0.031827705177488
0.373709580864169,0.127801086569758,0.463355252500314,0.0351340800657593
0.296299542853782,0.283738014126965,0.225913925249082,0.194048517770171
0.297147559925307,0.137534849740165,0.500335862276381,0.0649817280581473
0.253688592078013,0.256973468315936,0.276656866457723,0.212681073148328
0.118147004714588,0.0421624880547469,0.823620348812504,0.0160701584181612
0.115567849776659,0.240486828999663,0.0585777602954733,0.585367560928205
0.411469307723682,0.264703741594307,0.215878873673133,0.107948077008879
0.153281133826881,0.25281300887774,0.0766972445822914,0.517208612713088
0.33029423939358,0.287793622884727,0.26412422673552,0.117787910986173
0.218928374626256,0.109964636592892,0.625134756534965,0.0459722322458869
0.227692974972389,0.0995686755403208,0.63323126501711,0.03950708447018
0.307068497006127,0.169579165494261,0.465258755705588,0.0580935817940239
0.31386455743248,0.122778058236435,0.503491597589619,0.0598657867414656
0.0954843097015196,0.172718792504932,0.052676265504436,0.679120632289112
0.235209192162458,0.300241413813189,0.131779631720311,0.332769762304042
0.0698180351053872,0.217029220318377,0.0313140824409656,0.68183866213527
0.266874884481944,0.126442409009119,0.53610533962534,0.0705773668835972
0.258552836432036,0.291732369595582,0.162144307578582,0.287570486393799
0.118864713264108,0.615337745331888,0.0421409011404904,0.223656640263514
0.250218997597993,0.13573614052342,0.539883512735453,0.0741613491431346
0.156373301591189,0.437241634683441,0.052789664983773,0.353595398741597
0.126284220611856,0.335592105953937,0.0683704059003814,0.469753267533826
0.089516471781296,0.210800139207255,0.0484242015172011,0.651259187494248
0.185339812593162,0.0401492463593794,0.760593148951407,0.0139177920960519
0.270665876621891,0.132077603734039,0.523040055330066,0.0742164643140041
0.306315967772336,0.245404209069975,0.239946048506559,0.208333774651129
0.317448336637905,0.186838998137754,0.402214752865542,0.0934979123587999
0.0689503216615158,0.159073127464825,0.0356715240341521,0.736305026839507
0.697304517344788,0.0756177726649076,0.204368715261435,0.0227089947288694
0.488269242357612,0.271272894501718,0.131484100102265,0.108973763038405
0.295222373744515,0.15132130603415,0.469817509634721,0.0836388105866138
0.150919821478172,0.341619692313806,0.0817782945648258,0.425682191643196
0.33474897391469,0.115457028846792,0.508614151506356,0.0411798457321623
0.361189067763492,0.221367840189037,0.335244074760704,0.0821990172867667
0.33111069396037,0.216026038201579,0.331226913346997,0.121636354491054
0.32892029258298,0.112877826304681,0.522678630515526,0.0355232505968121
0.22622923955871,0.112454927237685,0.613944410301602,0.0473714229020042
0.282714411382049,0.199633911705594,0.382936075192146,0.134715601720211
0.276784998810296,0.117746628842779,0.555087877354023,0.050380494992902
0.306224661693785,0.0868382147175386,0.577346593831747,0.0295905297569301
0.099381869877424,0.755330385005462,0.0328681003502527,0.112419644766861
0.159658614085497,0.0330516532246163,0.795852188284102,0.011437544405785
0.131960185011212,0.0464664616391849,0.804228538093771,0.0173448152558323
0.242673835931194,0.148339833361378,0.529243742516186,0.0797425881912423
0.182614632965686,0.0929238087616159,0.68109657331452,0.0433649849581777
0.103314851747762,0.184567478627122,0.0580184118881825,0.654099257736934
0.451505703446984,0.186680288771304,0.290267480621785,0.071546527159927
0.206499779025158,0.647935021673046,0.0727046139202528,0.0728605853815437
0.239943078371683,0.132205668531839,0.567176829381155,0.0606744237153234
0.414697870550514,0.121909318865914,0.416959605913387,0.0464332046701851
0.249531571210599,0.125826265845272,0.557695599404948,0.0669465635391809
0.0680062088085596,0.0250144640202929,0.896471406600577,0.0105079205705708
0.167387822718664,0.0786061643630202,0.717719914203944,0.0362860987143718
0.547503026547009,0.27378235969138,0.133952651994319,0.0447619617672919
0.11886636964081,0.68085149316362,0.0414202853651053,0.158861851830464
0.288413091067142,0.608469866739111,0.0481135836107711,0.0550034585829755
0.00372674130207335,0.00949462049829905,0.00179402515043362,0.984984613049194
0.257824586820191,0.497639332578525,0.120087754531452,0.124448326069832
0.174837150640815,0.0727940448436473,0.7202710174908,0.0320977870247376
0.121131839429696,0.716410126698125,0.0431922158194527,0.119265818052726
0.503015920128111,0.147096762371466,0.295127445621279,0.0547598718791438
0.355234057325637,0.235249774720955,0.28237033787235,0.127145830081059
0.502300430583539,0.183453677374324,0.246336490253822,0.0679094017883153
0.404269112506031,0.230929657580047,0.222662358695205,0.142138871218716
0.156582676421335,0.376796809828493,0.0902570140931065,0.376363499657065
0.120835444006277,0.0435887364705922,0.818499199761585,0.0170766197615457
0.642762454536762,0.0779518681617929,0.256588816598424,0.022696860703022
0.185185136283929,0.0874497578835624,0.692385689343052,0.0349794164894566
0.394579484220619,0.429068652019812,0.0992160409647664,0.0771358227948027
0.232889747277429,0.106624022378534,0.605995770743982,0.0544904596000541
0.233166017954568,0.322589003329374,0.100048578764368,0.34419639995169
0.184404351124226,0.0764493404781547,0.704076774662442,0.0350695337351772
0.162546819061877,0.364075437066219,0.0989664378608826,0.374411306011021
0.213881948114219,0.112363950097995,0.617262391405837,0.0564917103819491
0.280503367984856,0.27234161337054,0.207783145936374,0.23937187270823
0.257424892502659,0.488822616644989,0.110852340571789,0.142900150280563
0.195380003787998,0.091477018457325,0.668543971227512,0.0445990065271646
0.687195333511492,0.0917277271620212,0.193460438120413,0.0276165012060734
0.34102087661278,0.213702108951796,0.305851964852936,0.139425049582488
0.227411366614519,0.137408280513499,0.565337727326245,0.0698426255457365
0.619205948264191,0.225834240611763,0.110971196787945,0.0439886143361004
0.274768033060831,0.159213611173732,0.478178923962913,0.0878394318025234
0.418132885732729,0.163273661129423,0.354782124234046,0.0638113289038013
0.302590012172948,0.236589632556439,0.336174921794973,0.12464543347564
0.229379479826095,0.135078161063207,0.566226509878359,0.0693158492323391
0.348693461688321,0.230818371675246,0.324081552502391,0.0964066141340423
0.175033003323382,0.0719968323894739,0.718119374653704,0.0348507896334397
0.141165141358266,0.0492190346451354,0.791315297101447,0.0183005268951516
0.459444167314156,0.250395798615467,0.209519481352238,0.0806405527181397
0.150550186063817,0.281890090793779,0.0913349395473022,0.476224783595101
0.0221738980749155,0.0561767492035557,0.0109909772953021,0.910658375426227
0.492152711626672,0.262159326285016,0.139776922965386,0.105911039122926
0.259502848051326,0.153874567448897,0.526493514983651,0.0601290695161267
0.277364270173419,0.264282546458013,0.227715936506375,0.230637246862193
0.208516018367459,0.113991297156228,0.621374943509701,0.0561177409666113
0.143475884130796,0.0562697628386957,0.776850518285359,0.0234038347451495
0.218719349135158,0.114027314925286,0.615646112578614,0.0516072233609423
0.305541782494067,0.17208746411304,0.434082221611173,0.08828853178172
0.209695405536397,0.303615213848303,0.147462745099508,0.339226635515792
0.416913952264721,0.196728169345963,0.294554427490267,0.0918034508990489
0.478522870194349,0.0886023087415193,0.400732035084257,0.0321427859798751
0.530083249883712,0.144563940065483,0.280675191664342,0.0446776183864624
0.335278115739269,0.228701729376216,0.362044006084519,0.0739761487999961
0.254881858750926,0.257721072798957,0.216501893065571,0.270895175384546
0.222398132973153,0.114074294816849,0.602400452810536,0.0611271193994617
0.208776846178596,0.304732350891282,0.110931156813071,0.37555964611705
0.355620175655816,0.161667825139872,0.399653860094229,0.0830581391100824
0.537910931054065,0.155268934098362,0.251054172867818,0.0557659619797549
0.387745517294037,0.11521714144936,0.451781143485176,0.0452561977714269
0.0581950174541765,0.130893929206032,0.0319382924658273,0.778972760873964
0.21226323154075,0.10611583998416,0.637568419189483,0.0440525092856063
0.297620452048569,0.142311211025663,0.507524705540992,0.052543631384776
0.374901076230634,0.407830910020188,0.101116055847314,0.116151957901863
0.438379450664189,0.128216897984592,0.377731671482087,0.0556719798691318
0.536083716771041,0.269826802404225,0.144764217795423,0.0493252630293105
0.278577039114911,0.307254011846196,0.148814627216805,0.265354321822088
0.353262273012577,0.245802261252766,0.300794378384669,0.100141087349988
0.52309106114996,0.133262562622475,0.288879913279046,0.0547664629485185
0.136497070082156,0.590218576438831,0.0577093396566583,0.215575013822354
0.168534895919314,0.0714949557308478,0.72699509465717,0.0329750536926678
0.0909509111426563,0.250449458600025,0.0407214991196923,0.617878131137626
0.511195474532916,0.111840125794915,0.347537314210528,0.0294270854616404
0.206372077198916,0.106550410778062,0.634330754724112,0.0527467572989097
0.214302845225302,0.249101078362323,0.149927820903311,0.386668255509063
0.471531425285236,0.157134633937346,0.29858183616221,0.072752104615208
0.120322963255936,0.258356450851181,0.0703152768701431,0.55100530902274
0.46549537942557,0.343863569672687,0.0967684643425256,0.0938725865592179
0.476652880744613,0.281720919815744,0.180311508034801,0.0613146914048424
0.47857256575316,0.335205908867999,0.132845604777964,0.0533759206008771
0.0511462913547627,0.0177068613181395,0.924021074271543,0.00712577305555439
0.328391012444715,0.10651836402416,0.530882824310187,0.0342077992209372
0.0673644685889063,0.239528832663757,0.0310541800406953,0.662052518706642
0.0866202236167768,0.168665154803976,0.0500570145387864,0.69465760704046
0.461448910378106,0.129590783710524,0.371729454228553,0.0372308516828166
0.145977254209765,0.216181169810723,0.0831675407649099,0.554674035214602
0.385264315168826,0.432042117804801,0.0797265316930982,0.102967035333275
0.42822488852233,0.14203799644423,0.391790220158375,0.0379468948750653
0.404599246686651,0.323827848021789,0.157050312303052,0.114522592988508
0.16801358298482,0.325312370923485,0.109431718024827,0.397242328066868
0.120214857643963,0.360963558865807,0.063310658731478,0.455510924758752
0.181022100900203,0.562156874023873,0.0846733274951277,0.172147697580796
0.253718435237359,0.17763379985299,0.476984017379277,0.0916637475303738
0.476821150022997,0.152146576327879,0.322209162197932,0.048823111451193
0.341284822638455,0.107647722195155,0.508962567394254,0.0421048877721359
0.154471479996768,0.457771915035767,0.071948246170882,0.315808358796583
0.220966945650673,0.122218061907019,0.595975001485606,0.0608399909567018
0.16820961240535,0.320531302508948,0.103542358860895,0.407716726224807
0.333371330248871,0.220342970524029,0.304155974239144,0.142129724987956
0.217394800079803,0.117423705641924,0.607739567600203,0.0574419266780704
0.382183802541279,0.210694713891155,0.314994651703749,0.0921268318638169
0.436990873677166,0.124856474643247,0.403921033807899,0.0342316178716882
0.238518437759727,0.118429036529451,0.58863236422437,0.0544201614864515
0.39052124042053,0.0950708277065745,0.47862454356904,0.0357833883038558
0.384221524781965,0.36543573961555,0.176397431666166,0.0739453039363177
0.0815285231448209,0.169629857642681,0.0458574533942426,0.702984165818256
0.191357771296968,0.256917839429969,0.109455026394972,0.442269362878091
0.388855403349862,0.122532260221546,0.447278392098742,0.0413339443298509
0.292408456452042,0.199361540621381,0.408279851412292,0.0999501515142857
0.180835974530348,0.518880066606838,0.0635249745732485,0.236758984289566
0.0946224207250204,0.190014320735439,0.0559866211680298,0.659376637371511
0.133634091365743,0.351064236162433,0.0738690153590679,0.441432657112756
0.344161435349379,0.205756286445725,0.310534420211876,0.13954785799302
0.047997996794193,0.0109986256065183,0.937227082392658,0.00377629520663118
0.0876252650718771,0.239300556209308,0.0464242577188281,0.626649920999987
0.329747100537203,0.172514015936661,0.425571270315642,0.0721676132104937
0.124644017035997,0.295795954656994,0.0500790197814658,0.529481008525544
0.274647761736399,0.133313716022411,0.516552557980348,0.0754859642608413
0.24659418345219,0.13713042709621,0.538382596384154,0.0778927930674453
0.373336080388958,0.218512762688921,0.261412489971073,0.146738666951049
0.313750296721479,0.266206381640081,0.250627190019715,0.169416131618725
0.258358707401292,0.293404647007886,0.213721092031005,0.234515553559817
0.323122041492168,0.288119010406299,0.29018740284925,0.0985715452522833
0.305249981070691,0.448989127456947,0.151397485555257,0.0943634059171051
0.381861830698149,0.278763226414847,0.179243451770963,0.16013149111604
0.297029002435337,0.0521317690872268,0.634234105921944,0.0166051225554929
0.129941497905988,0.207451426020271,0.0713947226866645,0.591212353387076
0.300015351882392,0.222821538048311,0.315304101016043,0.161859009053254
0.222856557775955,0.512516938849633,0.099244195020643,0.16538230835377
0.246495824849757,0.324890698822549,0.172410529964479,0.256202946363216
0.400355182971544,0.208859985751853,0.31711238117158,0.0736724501050243
0.294768258483541,0.167238601040026,0.468334025260772,0.0696591152156603
0.418247572700935,0.189605699943635,0.299403841533098,0.0927428858223325
0.293064354823834,0.257244224508718,0.201357590904405,0.248333829763043
0.441689965566507,0.236282799072403,0.25513071461257,0.0668965207485193
0.346443809233134,0.0898270965998101,0.534609272574636,0.0291198215924193
0.202970298823408,0.0936257981744753,0.655587141130004,0.0478167618721128
0.215726673392119,0.265280699407234,0.135924034652574,0.383068592548073
0.276135216401855,0.221776877759206,0.385244788736009,0.116843117102929
0.193819622747425,0.285566701620581,0.0988405335975166,0.421773142034478
0.14455721527133,0.0368682886112733,0.804005295058155,0.0145692010592421
0.820615316414254,0.0740754375721639,0.0875861737904405,0.0177230722231413
0.534990633152462,0.0984010589092037,0.33240640573472,0.0342019022036144
0.737263889520978,0.0625729371428153,0.181472751003944,0.0186904223322628
0.16010996982739,0.223263730022664,0.0966724911520371,0.519953808997909
0.436090801332262,0.188766067506332,0.274051235004299,0.101091896157107
0.29874547963697,0.29165292419714,0.29626770237682,0.11333389378907
0.329330807846374,0.440260267574971,0.125769319208821,0.104639605369835
0.171007229379881,0.687115003097,0.0541194958134548,0.0877582717096638
0.491451401711325,0.162592669078879,0.280739831238016,0.06521609797178
0.133873878236017,0.69244677481126,0.0471193954957007,0.126559951457021
0.262414687683713,0.151982156635141,0.514300066408883,0.0713030892722642
0.139399371958481,0.666912720870606,0.0595387948286067,0.134149112342307
0.178951974920771,0.0745256696833732,0.716586801412116,0.0299355539837397
0.0962793455215663,0.177822971814887,0.0579610438937941,0.667936638769752
0.108274295319515,0.0367238950428065,0.840364734727392,0.014637074910287
0.140723458129561,0.33566449440812,0.0824182549725502,0.441193792489769
0.250374994559483,0.0790695239397366,0.63976031594759,0.0307951655531914
0.0787275525430122,0.222918861649334,0.0320120891781288,0.666341496629525
0.276498481026812,0.104709627456937,0.582000085261495,0.0367918062547557
0.279123926036501,0.388050420220022,0.198271465218689,0.134554188524788
0.271354050821518,0.401646382055371,0.186211159547771,0.140788407575341
0.310117493188716,0.254909415876196,0.312499742538949,0.122473348396139
0.425079521881612,0.322760950194052,0.116128297736364,0.136031230187972
0.162790441917391,0.292443792787961,0.0751955298475395,0.469570235447109
0.243067174382026,0.116536552117431,0.577022899841923,0.0633733736586202
0.234394635801534,0.0737331141530869,0.667750642635847,0.0241216074095314
0.6264029600431,0.0882088600470045,0.262541551412281,0.0228466284976135
0.181371698612461,0.263282845960037,0.0888264242570476,0.466519031170454
0.341739986360149,0.342017813638743,0.210467955845565,0.105774244155543
0.17039668662351,0.237436566933584,0.12038100073627,0.471785745706635
0.240155606394854,0.622031916703283,0.0747147133619627,0.0630977635399003
0.30214678420096,0.155720063245568,0.458859943860105,0.083273208693367
0.29712197310388,0.199275242357934,0.417483209606379,0.0861195749318073
0.160860259769335,0.249198468692673,0.112375397277459,0.477565874260534
0.224809340209167,0.121356239802411,0.597180930043622,0.0566534899447997
0.398985617741122,0.119480675810714,0.446460829244758,0.0350728772034065
0.37942453007376,0.351028779570034,0.186424865765924,0.0831218245902815
0.235556329503998,0.134317670641311,0.555042284431867,0.0750837154228244
0.321165506766361,0.2516087658622,0.265218092593634,0.162007634777805
0.521908132336141,0.238256876128536,0.151873179876042,0.0879618116592815
0.131535658122784,0.274092412263615,0.0806697475930827,0.513702182020518
0.264436267970474,0.359097426536223,0.209761426931602,0.166704878561702
0.38491793280895,0.193318249255524,0.347380695288649,0.0743831226468766
0.110414405377587,0.0437009356056913,0.828226212624436,0.0176584463922854
0.156837878456932,0.319754438564078,0.0965218707813375,0.426885812197652
0.353190608630445,0.411497883084649,0.088202830502099,0.147108677782806
0.362503805533946,0.221196865960082,0.264093522473828,0.152205806032144
0.313543809853549,0.0966358121516367,0.550044468966995,0.0397759090278191
0.660375679770579,0.0892985344560006,0.223019126429683,0.0273066593437367
0.459612897419968,0.218638718988855,0.234674830653229,0.087073552937947
0.323843195393995,0.209445701175894,0.360502462297602,0.106208641132508
0.385177810427876,0.236956632836225,0.242826102392742,0.135039454343156
0.237116818142567,0.116074164828956,0.587213555949084,0.059595461079393
0.327836640478864,0.244639081974183,0.228860993811506,0.198663283735447
0.324073400428931,0.206536967254076,0.359857379359188,0.109532252957805
0.353286840541507,0.476684220118984,0.0958841353388476,0.0741448040006618
0.177584239792125,0.247996589753992,0.126706140929825,0.447713029524059
0.171958987772032,0.263177022677103,0.124286381080139,0.440577608470726
0.168161694319447,0.279798429144054,0.0849305977820958,0.467109278754403
0.316412000529011,0.449284617331188,0.14348506184888,0.0908183202909216
0.334035465818416,0.461285562833344,0.112221938163629,0.0924570331846102
0.0931992776686599,0.208856424149224,0.0444582530377922,0.653486045144324
0.0871010679425377,0.178971732486383,0.0410384319054504,0.692888767665629
0.151372686324049,0.313316197893423,0.0835845707056912,0.451726545076837
0.231273479513893,0.121225261577483,0.597479497282362,0.0500217616262616
0.655712436736633,0.240043787590427,0.0631085546634827,0.0411352210094579
0.0811507567948278,0.470262762926063,0.0312283732366708,0.417358107042439
0.214335148682422,0.119533455084101,0.611124526062245,0.0550068701712316
0.515656522150419,0.175315013753144,0.236561991714349,0.0724664723820883
0.158265413310728,0.0430259031077052,0.782219759066555,0.0164889245150124
0.373907251648134,0.234297501626716,0.312123947040581,0.0796712996845694
0.431415539510754,0.406961930010023,0.0935258538363354,0.0680966766428879
0.242962989623684,0.408082395265062,0.165994166493312,0.182960448617942
0.197094399330241,0.450234255247994,0.114084494671608,0.238586850750157
0.201767024914787,0.0384798210935942,0.746450801210381,0.0133023527812378
0.155081364077585,0.262316250961885,0.0715328820175075,0.511069502943023
0.283201157827886,0.141139083705742,0.520075429047106,0.055584329419266
0.494304390551727,0.129710492795632,0.34391878473475,0.0320663319178915
0.205742512208586,0.375487803697815,0.11498348992968,0.303786194163918
0.370683688858577,0.126246802448199,0.444967539599635,0.0581019690935898
0.169560874548628,0.458813700201051,0.09075429161615,0.28087113363417
0.262609014261314,0.498602507536543,0.113717072848663,0.12507140535348
0.313582445271892,0.283362238201561,0.301699113132594,0.101356203393953
0.340952763764496,0.358777108476715,0.210614781399956,0.0896553463588336
0.153621949809641,0.230432348660971,0.103536400638531,0.512409300890857
0.161148118030849,0.309499870769454,0.0988141049637233,0.430537906235974
0.270396221573373,0.0712641114012419,0.629277735658731,0.0290619313666542
0.22228956213534,0.108902737248437,0.616345873069638,0.052461827546585
0.259318692988061,0.163709640516787,0.507961516278841,0.0690101502163112
0.140839831972993,0.243124706240549,0.0756956953396798,0.540339766446778
0.445673409227195,0.174893926165109,0.307838272254657,0.0715943923530383
0.296082122447775,0.228947832334473,0.363510800029589,0.111459245188164
0.0845460317952094,0.20634931181632,0.0418939740371332,0.667210682351338
0.177564840697457,0.597724512963563,0.0600376212590944,0.164673025079886
0.30590344669383,0.120537718602769,0.521539564428671,0.0520192702747304
0.218988976324929,0.270023611055986,0.176350038929978,0.334637373689107
0.271611612650314,0.401880981459884,0.181044561157418,0.145462844732384
0.338301547784302,0.358540279833383,0.210456639504551,0.0927015328777642
0.239091942692113,0.416336880021445,0.144882259217566,0.199688918068876
0.27177132202779,0.126987238473578,0.533768451145613,0.067472988353019
0.344284744302721,0.0885438347364215,0.540209297797529,0.0269621231633282
0.112020717595138,0.206249112199942,0.0554031799662251,0.626326990238694
0.213652292120077,0.374931526666096,0.146358380136712,0.265057801077115
0.254915294860982,0.381032721119945,0.182016986494234,0.182034997524839
0.205597782935558,0.278618474774775,0.107700794060207,0.40808294822946
0.110330131823676,0.546903653704601,0.046909475015606,0.295856739456117
0.396097644785856,0.200889175181137,0.34167225399371,0.0613409260392965
0.31334126944043,0.171079257325924,0.439858640227484,0.0757208330061621
0.423625042196766,0.167276590049328,0.358414570810861,0.0506837969430458
0.108677071825298,0.415858469928974,0.047784951042711,0.427679507203017
0.0743216794580476,0.144434442338393,0.0421338660642951,0.739110012139264
0.269719866290543,0.35172488836888,0.106272471350377,0.2722827739902
0.344929215007905,0.11327612320015,0.494914967377362,0.0468796944145827
0.390256660743952,0.38659134318939,0.138634184767718,0.0845178112989396
0.133050672741109,0.340388271397466,0.0536235697815107,0.472937486079914
0.0853347698686539,0.150802611259381,0.0483414023034009,0.715521216568564
0.0795435569266576,0.0270309896257966,0.88233927777253,0.0110861756750153
0.253297504285038,0.440624811731591,0.146431491221225,0.159646192762146
0.245403981606953,0.275037950403342,0.244741854145434,0.234816213844271
0.504147957300635,0.101490974475672,0.357767837216964,0.0365932310067284
0.5992524687657,0.223970425333398,0.12186254774334,0.0549145581575615
0.287704296427102,0.38435986017247,0.160573519074703,0.167362324325725
0.544539048351244,0.168393320372418,0.236180567587719,0.0508870636886193
0.311578523774949,0.428752194570249,0.145815232199573,0.113854049455228
0.161978151478213,0.290144007975314,0.0738512529817152,0.474026587564758
0.369130983395776,0.250053533704162,0.298076951313456,0.0827385315866059
0.3492708011874,0.206502897281848,0.370114742521833,0.0741115590089187
0.451375142622432,0.121310146235366,0.390178238082366,0.0371364730598355
0.247953710755366,0.270315513355271,0.253262720852345,0.228468055037018
0.242115408856612,0.400700664237196,0.164213016168126,0.192970910738066
0.272732137605958,0.312534358343182,0.24287942069241,0.17185408335845
0.155066597775298,0.339502719343152,0.0860898616917873,0.419340821189763
0.19899804902765,0.546896504174255,0.0911774493180868,0.162927997480008
0.348506788552867,0.0954735193392776,0.529163381520769,0.0268563105870865
0.237365056322622,0.0673275451320618,0.671312969965936,0.02399442857938
0.250152675100415,0.0944586397174542,0.615586674334633,0.0398020108474975
0.275662832534654,0.27223498892133,0.155326316419097,0.296775862124919
0.356451764485341,0.372900581400872,0.179034097516583,0.0916135565972036
0.250974544384693,0.399687690101264,0.149934974074227,0.199402791439816
0.289542471660012,0.121440606957972,0.543375965140555,0.045640956241461
0.710619263887348,0.129799010884642,0.130175267148956,0.0294064580790538
0.381962365721143,0.165634934463518,0.370794952770797,0.0816077470445419
0.369945726799628,0.237541191149505,0.319711625972063,0.0728014560788033
0.16809300395501,0.272661830414172,0.118809455061104,0.440435710569713
0.178388415517999,0.284558648868846,0.120299299128833,0.416753636484322
0.547846132402717,0.0894238874481209,0.337852548560339,0.0248774315888234
0.183803537579194,0.0800813524737848,0.705994328083879,0.0301207818631418
0.390109689719448,0.318089265568061,0.211039969855597,0.0807610748568939
0.247466530124188,0.469534907322237,0.13944380807404,0.143554754479534
0.150627945571341,0.448409650919314,0.0665574941952264,0.334404909314118
0.307379591924289,0.350226378242311,0.211053667333789,0.13134036249961
0.126501065586411,0.202148495616888,0.0725026600153216,0.59884777878138
0.267274733980133,0.379932646755298,0.184087108574033,0.168705510690537
0.466273462442097,0.224904068125648,0.214054735858667,0.0947677335735877
0.52869108201469,0.104565088677401,0.329239900389605,0.0375039289183044
0.208488054154277,0.354908041061789,0.147268448547802,0.289335456236132
0.198466857807062,0.406197698149259,0.124310331227611,0.271025112816067
0.279010121055326,0.174127830548088,0.444002592764096,0.10285945563249
0.49010982867709,0.268000223367851,0.179374510461795,0.0625154374932648
0.209972905383886,0.249396713291757,0.149011180270511,0.391619201053846
0.159355595531097,0.327883687424119,0.0909917790381878,0.421768938006597
0.0780404997574389,0.156747914722493,0.0452031860129319,0.720008399507136
0.151332922042465,0.265306916294029,0.101809544465296,0.48155061719821
0.629056952670641,0.148056740059896,0.181776948255313,0.0411093590141508
0.293255898137481,0.101259210483826,0.563846816604195,0.0416380747744973
0.4098331563395,0.320165657308708,0.150406884121741,0.11959430223005
0.285940968427005,0.338495155538484,0.23679534100884,0.138768535025671
0.110813543376759,0.198997488213669,0.0681932651122585,0.621995703297314
0.262306413596437,0.0954132312924692,0.601496979959072,0.040783375152021
0.268964567996768,0.28279367158249,0.157451741122627,0.290790019298115
0.0596957614721591,0.906568208200471,0.0128711463903405,0.020864883937029
0.52366038325413,0.117124843566904,0.326210315029409,0.0330044581495579
0.152090719280551,0.601529740020367,0.0454138571181065,0.200965683580976
0.0614382275591718,0.140333264611877,0.0320545859556549,0.766173921873297
0.23940452105992,0.109188000892503,0.609493611465287,0.0419138665822902
0.0277929757571449,0.0682079833204913,0.0133829267273583,0.890616114195005
0.191759463247492,0.0863245853877694,0.67936915832015,0.0425467930445889
0.26688652495921,0.290467714415032,0.199894834623142,0.242750926002616
0.0753575828205264,0.209589997362993,0.0360314109797113,0.679021008836769
0.127061998199744,0.0547980397880109,0.794683085042644,0.0234568769696014
0.420016949707268,0.428512439755605,0.071620828028864,0.0798497825082638
0.227353480740212,0.467219457888184,0.131369818501101,0.174057242870503
0.188154492854556,0.474228691623868,0.106883721976956,0.230733093544619
0.828890444342997,0.0938112862478331,0.0566055820318132,0.020692687377357
0.300025384243813,0.0992519860262942,0.570436305224079,0.0302863245058134
0.452045458994595,0.159616159672346,0.333054842680006,0.055283538653053
0.260155175570039,0.147140374005606,0.515101131048772,0.0776033193755831
0.619930999325359,0.0797214496736893,0.279855608552881,0.0204919424480712
0.270401302037663,0.1526274767832,0.505598732399501,0.071372488779636
0.1173571710638,0.360259532989522,0.0604673796440872,0.461915916302591
0.251414756555503,0.102393958461186,0.60323452794287,0.0429567570404415
0.324220547466078,0.306282547787965,0.18666493807841,0.182831966667546
0.0706405283934304,0.140915863427199,0.0334877440370456,0.754955864142326
0.342560372529482,0.340769140701752,0.126219443566133,0.190451043202633
0.569572292919817,0.184487321425677,0.174646550583052,0.0712938350714545
0.305658279204551,0.106564899875993,0.539479086863004,0.0482977340564522
0.21832884665056,0.0628618262505866,0.697029254216014,0.02178007288284
0.309485180856142,0.244331359341784,0.222310769212686,0.223872690589389
0.221171045139129,0.331147046836945,0.135377413206264,0.312304494817662
0.131592877523457,0.617869110158146,0.0550663459260247,0.195471666392373
0.124360686293263,0.050227895575023,0.803866012231909,0.0215454058998054
0.121283951818576,0.251674679409937,0.0669683040981781,0.560073064673308
0.0420280626423351,0.0985564598313069,0.0211492415583062,0.838266235968052
0.200410010730208,0.290665526230976,0.127849687952596,0.38107477508622
0.23377691840998,0.39163427110263,0.152097351588,0.22249145889939
0.276624621677949,0.151011587084937,0.489129770999385,0.0832340202377288
0.122811743330411,0.0447885915829868,0.812756703354512,0.0196429617320906
0.070035309020988,0.141800824136779,0.0387933777954074,0.749370489046825
0.129083743772015,0.596679132369436,0.0522097192676101,0.222027404590939
0.348495331418722,0.104901870148051,0.50846531004628,0.0381374883869472
0.191313172056864,0.273460013920776,0.0934025360637878,0.441824277958573
0.463066930456641,0.333816046347042,0.134259269429129,0.0688577537671874
0.151141791150431,0.652643592893048,0.0624179720364171,0.133796643920104
0.315036527017618,0.280062346699745,0.27172828174095,0.133172844541688
0.320065009621591,0.0830677036084344,0.563577452005533,0.0332898347644417
0.343699967281314,0.144030302545883,0.467200917185165,0.0450688129876384
0.233146256479287,0.11839214173666,0.594124805214349,0.0543367965697033
0.356760255484531,0.15863081939331,0.402096043637187,0.0825128814849715
0.314798623987812,0.27284102935875,0.215135993000545,0.197224353652893
0.153985988218936,0.23472980048519,0.105571432533261,0.505712778762613
0.22208315515552,0.11741840088193,0.598148557266933,0.0623498866956172
0.281647191293965,0.125957634888352,0.545052762994823,0.0473424108228591
0.125209826239176,0.760604074037415,0.0387985530442842,0.0753875466791249
0.135252304334939,0.0585866136420321,0.779168949307951,0.0269921327150772
0.393611639733196,0.184637895093565,0.370956786772448,0.0507936784007914
0.148852913269922,0.347609807410921,0.0790876559896002,0.424449623329557
0.302790186277386,0.179370179062393,0.396730511403412,0.121109123256809
0.152372888012719,0.660480137286416,0.0524774744141208,0.134669500286743
0.199719013621879,0.083896126935276,0.677014236690441,0.039370622752404
0.324765597674129,0.126817211753942,0.485645542772401,0.0627716477995279
0.206681792903944,0.566257356947004,0.0959685091874354,0.131092340961616
0.129697167185992,0.21617245169376,0.06409002942607,0.590040351694178
0.180929004608986,0.0585187450901204,0.736135053870171,0.0244171964307226
0.13817430930927,0.0358674125168382,0.812968442624622,0.0129898355492696
0.273889446208212,0.283623833191396,0.295149390014817,0.147337330585576
0.45050514706804,0.412706441237651,0.0872999552704334,0.0494884564238753
0.124120983977817,0.194388290135961,0.0705045902240417,0.610986135662181
0.148144167650769,0.678680121692887,0.0601497011076012,0.113026009548743
0.215834461928019,0.289764786927244,0.181076975485778,0.313323775658959
0.0910915270026443,0.289258383119733,0.0363474667597857,0.583302623117837
0.258979887844332,0.280411798712656,0.143571182583868,0.317037130859144
0.199416578003623,0.0837582844716952,0.686247906888726,0.0305772306359557
0.115101572474297,0.255769860067035,0.0667507087118206,0.562377858746847
0.474021932826165,0.159444768416239,0.292776256443362,0.0737570423142336
0.222860806948728,0.545875902493539,0.0882414024584307,0.143021888099302
0.114273679074705,0.21833325107189,0.0594634701666015,0.607929599686803
0.120754471251911,0.332963851935613,0.0622088055895073,0.484072871222969
0.187914999844405,0.0722698500173864,0.706817807422649,0.0329973427155602
0.399272396211179,0.285929785755148,0.243438969523897,0.0713588485097752
0.95058425421168,0.0197560558252308,0.0252897078473176,0.00436998211577111
0.317311108980654,0.151534385005785,0.476581288065116,0.0545732179484444
0.208128361231056,0.256883017389488,0.147925606472893,0.387063014906562
0.168085561839035,0.386896962004452,0.0853931813352064,0.359624294821306
0.0989241256430921,0.489073391477718,0.0351502304399993,0.37685225243919
0.0897318958292232,0.29894310846229,0.0383354955328521,0.572989500175635
0.192279666380124,0.250848874896391,0.140411739648108,0.416459719075377
0.328561578916333,0.081080096614163,0.55774788364501,0.0326104408244932
0.216109978958919,0.525102086406368,0.109651067089973,0.14913686754474
0.0977918411289793,0.249864153727555,0.0405474832408659,0.6117965219026
0.352432712408527,0.407686171598273,0.158540169187258,0.0813409468059417
0.236033554763171,0.256381412013774,0.150220073958682,0.357364959264373
0.12849704370685,0.219873740800352,0.0776567091373775,0.57397250635542
0.17397292912788,0.653073281173687,0.048388507528683,0.124565282169751
0.483337966659206,0.0947943407910116,0.388835498483479,0.0330321940663033
0.111329514342648,0.193546005272657,0.0666099988158676,0.628514481568827
0.333231443714746,0.129815901139729,0.474088515751785,0.0628641393937401
0.120147298562072,0.289863941178183,0.0518026410220593,0.538186119237686
0.324763689247977,0.265746864503329,0.230018397178656,0.179471049070038
0.346161604859821,0.225116344767355,0.352601823558376,0.0761202268144481
0.28206391049815,0.192042687798463,0.405526341055645,0.120367060647741
0.218027092149811,0.333802833660041,0.0944819641584971,0.353688110031651
0.373093321916356,0.235801375797498,0.266778884193048,0.124326418093097
0.185685862836221,0.311185875440189,0.132781560283418,0.370346701440172
0.252055639850004,0.523715623377113,0.102968169378477,0.121260567394405
0.150123228495562,0.754214751669929,0.0401877820074945,0.0554742378270137
0.152555882728643,0.224376339320345,0.0920144121818243,0.531053365769188
0.125540628479055,0.0466575087546804,0.809017172914633,0.0187846898516318
0.122201949767122,0.193976335087145,0.0740665225256908,0.609755192620043
0.250976302849264,0.248711887613145,0.213590163267437,0.286721646270154
0.0997097724279232,0.573815758316035,0.0386625830046453,0.287811886251396
0.197822187344153,0.373975863771928,0.0758159043660955,0.352386044517824
0.514983041422977,0.274333996585077,0.146239529350174,0.0644434326417716
0.322490968081195,0.306834951187095,0.136278530902555,0.234395549829155
0.287673089136036,0.347757149860594,0.216298848289941,0.14827091271343
0.512896146833222,0.336319943617106,0.0910982740172068,0.0596856355324648
0.211067102428464,0.259186648863004,0.112656561052606,0.417089687655926
0.288310947229135,0.390121021289823,0.182130211905963,0.139437819575079
0.559270997187038,0.211046391797903,0.168253195915488,0.0614294150995715
0.287487650487582,0.572304398683121,0.0682142205556707,0.0719937302736263
0.310876847172267,0.366662382830675,0.203508746539602,0.118952023457456
0.198345390597732,0.064896611786663,0.708032145531016,0.028725852084589
0.151831738168462,0.0549788946506713,0.768621701032837,0.0245676661480299
0.233369965620749,0.0907073768078022,0.641189266967264,0.0347333906041846
0.19232092955461,0.242372162723049,0.121231754220614,0.444075153501727
0.237346122428302,0.111530894138892,0.590802465514621,0.0603205179181851
0.386243163571268,0.296622914856834,0.216862495801781,0.100271425770117
0.237333855889429,0.250462348481137,0.18811422383881,0.324089571790624
0.211454908892497,0.351058666361223,0.131803034457017,0.305683390289262
0.161714490085034,0.361491511099435,0.0960739090494209,0.380720089766111
0.271816115228793,0.288377922332777,0.283922906248356,0.155883056190074
0.329390733165305,0.205206351089701,0.385694304545362,0.0797086111996321
0.342197921525343,0.294188897516271,0.209155796408367,0.154457384550019
0.148986658436107,0.609993620408979,0.0668685141917275,0.174151206963187
0.342822536143505,0.194052101940864,0.332866473933837,0.130258887981794
0.332802820875594,0.539618958209719,0.072416726458821,0.0551614944558658
0.332989626281005,0.259096302511822,0.325482200793433,0.0824318704137409
0.384443794159948,0.322562791501343,0.214723941732458,0.0782694726062513
0.343169042626355,0.217633410837245,0.286754733113409,0.15244281342299
0.297238315149828,0.170063817131538,0.437168962735702,0.0955289049829321
0.596836065828478,0.241521152725606,0.1126980572645,0.0489447241814159
0.573176418057859,0.171924383030332,0.19623444562614,0.0586647532856685
0.206014749764864,0.102716174655979,0.638092785365086,0.0531762902140718
0.164049812842902,0.319606745294103,0.107080804283831,0.409262637579164
0.152401411519293,0.703300232257909,0.0578117391615066,0.0864866170612913
0.532390039656336,0.161373719448841,0.255802598158762,0.0504336427360611
0.23571139677637,0.112949783375232,0.608810086838874,0.042528733009523
0.167676737898411,0.659427890746597,0.0649050682557791,0.107990303099213
0.0897760607038092,0.216536242225987,0.0453505563834508,0.648337140686753
0.0539751215224431,0.205658306223365,0.0227941783042951,0.717572393949897
0.135811778185356,0.0469143646988797,0.799038394451291,0.0182354626644736
0.128115995519805,0.291415635997713,0.0531342954046229,0.527334073077859
0.507191221583776,0.23690212566184,0.176689443340258,0.0792172094141254
0.35314157144558,0.19841367719044,0.324646463198002,0.123798288165979
0.340998686188795,0.166460121465623,0.399405929672989,0.0931352626725927
0.66980437116436,0.128199998088931,0.173062049491807,0.0289335812549015
0.137372603489189,0.226219297402995,0.0889636639299976,0.547444435177819
0.219292751269083,0.247636713434287,0.151628889379925,0.381441645916706
0.164791563377589,0.229354262891482,0.110194078948193,0.495660094782736
0.318658497976735,0.13273548514414,0.494275091912408,0.0543309249667177
0.22857519855504,0.0857201073361885,0.647711210025315,0.037993484083456
0.175411785013715,0.390966252856602,0.068759440687205,0.364862521442477
0.287420904163762,0.19823977567321,0.437252954154689,0.07708636600834
0.0644873834649684,0.17144302529897,0.0331451210569529,0.730924470179108
0.153653858345732,0.0658354406249051,0.751430124121036,0.029080576908327
0.108826082399918,0.264965149023115,0.0557752924245303,0.570433476152437
0.269555212506483,0.156944846539432,0.508143945094128,0.0653559958599573
0.23786094816672,0.320579483111461,0.107417409991111,0.334142158730708
0.189402662754456,0.385445727419313,0.114737465935953,0.310414143890277
0.127310098591437,0.32781083863915,0.0707528388702004,0.474126223899213
0.230225637335111,0.263276403277685,0.18142726836352,0.325070691023683
0.320317238934547,0.251144293354971,0.344274470118659,0.0842639975918236
0.248564036088532,0.147071351639954,0.51735505585705,0.0870095564144639
0.42011712339461,0.198583918116764,0.316477485538575,0.064821472950051
0.438045659566183,0.138335374809256,0.362022189230082,0.0615967763944796
0.183275832129783,0.400086057901553,0.0688528645315983,0.347785245437066
0.325786698729535,0.193542820646562,0.385669568900469,0.0950009117234337
0.4027807056092,0.294149261492065,0.212319481874885,0.0907505510238499
0.130531500332842,0.35126325400035,0.0625310761475427,0.455674169519265
0.445652121015452,0.150814228434221,0.347905094171359,0.0556285563789677
0.139289147647024,0.241244980429306,0.0725971310046136,0.546868740919056
0.538018538289194,0.267130561563392,0.118915151498831,0.0759357486485822
0.0880899381281331,0.169254736820489,0.0413923628910367,0.701262962160342
0.226273875670355,0.248978933492034,0.16198329277196,0.362763898065651
0.308369971327712,0.274286182578139,0.290719734751037,0.126624111343113
0.243537189427204,0.366287695903667,0.101546222620776,0.288628892048353
0.368302550709454,0.356679413680565,0.185522995701698,0.0894950399082839
0.207322213660615,0.0965055643540119,0.651803857693096,0.0443683642922772
0.112936711139556,0.474643211933408,0.0445041600330869,0.367915916893949
0.115863369852719,0.348664825911841,0.0554259697927914,0.480045834442649
0.105683236441752,0.220885908999555,0.0632420993930685,0.610188755165625
0.290322236599174,0.402493626116325,0.180936569518912,0.126247567765589
0.360084487968468,0.157288429526291,0.412030714921581,0.0705963675836599
0.181095110771092,0.0658424108970926,0.722772115647748,0.0302903626840672
0.162274576173045,0.596046704319453,0.0556362227636394,0.186042496743864
0.297829376794503,0.236284482728883,0.258534316145699,0.207351824330914
0.469300893964023,0.217358939677931,0.205149311822833,0.108190854535212
0.200744065320505,0.0980097990173055,0.650510023348065,0.0507361123141244
0.426458785178678,0.191676148573101,0.276545940621041,0.10531912562718
0.294406463251863,0.150470971264075,0.465636486343889,0.089486079140173
0.368649107652194,0.242029534462193,0.277591952628385,0.111729405257228
0.0706080781144094,0.13635887907753,0.0397495841650395,0.753283458643021
0.242339970114878,0.467281114932189,0.14013939770788,0.150239517245053
0.163549493025878,0.314225024255814,0.0667969960923056,0.455428486626002
0.154798555282283,0.299272654280218,0.0733856347604096,0.47254315567709
0.23485416397111,0.456836559246401,0.141772615326653,0.166536661455835
0.0637607658940774,0.0207646538170244,0.906877396179788,0.00859718410911044
0.151813184343999,0.295068899088717,0.097375433531325,0.455742483035959
0.336887903161218,0.101617657638291,0.516273593411128,0.0452208457893631
0.179338034974126,0.399042906118433,0.092292215483974,0.329326843423467
0.312569180550123,0.333848996728087,0.120913968221353,0.232667854500437
0.145605459669379,0.25554144525929,0.0963285955815635,0.502524499489767
0.133265713648347,0.376670067909699,0.0667607919684556,0.423303426473499
0.124672617449706,0.206881925274141,0.0772894113226301,0.591156045953523
0.224458633015828,0.405250023731921,0.137035477464882,0.233255865787369
0.659282988524331,0.215640690918033,0.0918286506717879,0.0332476698858474
0.293739277162285,0.361375077017448,0.139775929361505,0.205109716458763
0.312811229560072,0.110335914584643,0.527909051036585,0.0489438048187005
0.0200489909167352,0.0542982577183436,0.00997384002598061,0.915678911338941
0.140620334700112,0.678393782062534,0.044776085853454,0.1362097973839
0.500327985704505,0.382327270722899,0.0727989277853049,0.044545815787291
0.128247004754383,0.233278181691584,0.073245240810036,0.565229572743997
0.131658570664901,0.437533612744461,0.0576429035970767,0.373164912993562
0.167733026298476,0.598274156083874,0.049668207948752,0.184324609668898
0.432329823786309,0.139179098110767,0.36350369967,0.064987378432924
0.271113708250469,0.278210858366689,0.139548315806729,0.311127117576113
0.549197496112858,0.206309271831582,0.168827877499656,0.0756653545559039
0.290693332177158,0.3297718518755,0.118439928981241,0.261094886966102
0.168854471120924,0.308134698142046,0.0693461021947092,0.45366472854232
0.349809353332858,0.396704060770709,0.174223055316014,0.0792635305804196
0.274247297346715,0.423781859969577,0.105843759672933,0.196127083010776
0.158924877052785,0.0707768083611393,0.738702697496937,0.031595617089138
0.333897391337761,0.198980216999532,0.391050852461281,0.0760715392014262
0.0944548905206733,0.196369377386043,0.0551303797802493,0.654045352313034
0.133421229029821,0.274814869044248,0.0788058394286836,0.512958062497248
0.126794967636933,0.0540430448513463,0.795737913849914,0.0234240736618061
0.131902531130111,0.351193221508607,0.0732777773079333,0.443626470053348
0.248439892902568,0.249218368046225,0.205282207649816,0.297059531401391
0.304703552450753,0.108179114165217,0.550826023366815,0.0362913100172142
0.307462895619354,0.13103433278801,0.491910138830382,0.0695926327622532
0.272583389706861,0.137230956820032,0.511290858997081,0.0788947944760253
0.211637406031767,0.0823672003448049,0.67638906267104,0.0296063309523883
0.269675547437007,0.132926466233965,0.521195823378852,0.0762021629501761
0.143466507590799,0.0573597051659593,0.774397567358672,0.0247762198845694
0.267521936298931,0.148546328914799,0.499926574553084,0.084005160233186
0.152017509981026,0.330851246349727,0.0760421498863404,0.441089093782906
0.210608090851418,0.396027983309999,0.141854808598391,0.251509117240192
0.769561461018152,0.0738387527329989,0.139014391596087,0.0175853946527619
0.4640681840116,0.160858089086209,0.304385920620859,0.0706878062813321
0.376147453513583,0.20966156228603,0.2803490446683,0.133841939532087
0.168232753522072,0.33904981906955,0.106689339932245,0.386028087476133
0.605662779005964,0.231848894181122,0.117391484285564,0.0450968425273498
0.353924632324127,0.290821354928966,0.158167737448008,0.197086275298899
0.210087500459868,0.250863878351236,0.135755322830314,0.403293298358582
0.278474971203233,0.268428569924731,0.189693243607808,0.263403215264227
0.144002544733471,0.256342106624451,0.0880078679932642,0.511647480648813
0.222119718759291,0.464290884386795,0.0678965202363151,0.245692876617599
0.262425705978367,0.141850744168521,0.5156330005411,0.0800905493120122
0.353190729774471,0.0906651053409427,0.524187583729445,0.031956581155141
0.293153035870512,0.322193611098393,0.17666236051572,0.207990992515375
0.392857493704586,0.246897759181957,0.295069104053627,0.0651756430598295
0.234999645677693,0.371929454969596,0.138724888521149,0.254346010831562
0.160974516870902,0.623332341501321,0.0536321734475645,0.162060968180212
0.556747379918303,0.194394519490109,0.175210524811109,0.0736475757804788
0.252753978706198,0.13964833418296,0.547242115804504,0.0603555713063383
0.456132524030532,0.398554635745472,0.0775716684123875,0.0677411718116088
0.171751242585496,0.52364287064355,0.059880738675151,0.244725148095802
0.26118578571954,0.129056674757662,0.537767485937711,0.0719900535850879
0.11133533648132,0.231025958583368,0.063573299658389,0.594065405276923
0.446496275754696,0.344813820347352,0.147408322029053,0.0612815818689
0.113826832866404,0.208856595702117,0.0635056772252299,0.613810894206249
0.147648152454348,0.291420683041627,0.0903500230992371,0.470581141404787
0.100872579317494,0.21376186151383,0.059015534011529,0.626350025157148
0.47550342800693,0.182851628256401,0.275899956253541,0.0657449874831273
0.127043200447261,0.436353065603121,0.0517476207754471,0.384856113174171
0.628457918458178,0.101001939459154,0.239904608128827,0.0306355339538407
0.310442057881581,0.24925335135424,0.211822079594485,0.228482511169694
0.487402544591259,0.160540847043195,0.308079438529289,0.0439771698362571
0.590999693310872,0.147679290974661,0.211169931981842,0.0501510837326245
0.107694964020735,0.201369577743551,0.0588148494808035,0.632120608754911
0.105650614486293,0.290465149554577,0.0548814471818945,0.549002788777235
0.153128163469869,0.066367207898741,0.748955978043871,0.0315486505875189
0.147974348941367,0.331507035959663,0.0588966561516979,0.461621958947272
0.398917105472174,0.134940203947928,0.415526080953958,0.0506166096259406
0.439038003141273,0.220240154152391,0.218627464357001,0.122094378349336
0.614694753529728,0.163678404457872,0.177381843863029,0.0442449981493707
0.22516651749716,0.365758227926831,0.154643905760634,0.254431348815375
0.239412661157091,0.301196883348117,0.20508563966314,0.254304815831652
0.426849977240835,0.206344927602125,0.287638361172167,0.0791667339848731
0.310190217679043,0.481798687775285,0.125484750314479,0.0825263442311931
0.298746892895769,0.185058213433172,0.429041123024714,0.0871537706463452
0.394699954724462,0.22063726864927,0.310785437621665,0.073877339004603
0.397989561216953,0.167706529182785,0.350701326142419,0.0836025834578437
0.282455003327997,0.548231524226669,0.0603236322203692,0.108989840224965
0.411179795806845,0.328568551092222,0.160323807007965,0.0999278460929676
0.738739015150757,0.0974326621581451,0.140179552691679,0.0236487699994196
0.18226437120215,0.41162753181132,0.109374597284719,0.296733499701811
0.157937198173964,0.614708545179913,0.058220016510455,0.169134240135668
0.532904711199346,0.206482192576808,0.180411908891048,0.0802011873327979
0.126219030781615,0.216337908463022,0.0805985263479389,0.576844534407424
0.371934435455283,0.254099448878792,0.216255791795764,0.157710323870162
0.228803514396283,0.107718414212776,0.612038387741521,0.0514396836494195
0.247389018144604,0.0911912032223887,0.632378976479972,0.029040802153035
0.365707687428592,0.260434311130136,0.199544183403247,0.174313818038025
0.247017728727132,0.371296077676828,0.184330928101767,0.197355265494273
0.179354034280336,0.334014863156497,0.116174634915183,0.370456467647984
0.295357544424815,0.147750301239476,0.498359998599574,0.0585321557361348
0.013015546688351,0.037988353684346,0.00585523326344712,0.943140866363856
0.346000134616257,0.267308379520953,0.230207844316488,0.156483641546302
0.61341160027458,0.135480723422983,0.204908599276359,0.0461990770260778
0.288970458987861,0.215447212706796,0.350933376356409,0.144648951948934
0.142954279069126,0.0535684217065041,0.780868444471551,0.0226088547528185
0.293444594005833,0.251963350989451,0.215743729897956,0.23884832510676
0.281495863742864,0.14233067925508,0.499771379817142,0.0764020771849148
0.148012402970817,0.286584471284488,0.0952476414107758,0.470155484333919
0.128354183308653,0.0456401269669043,0.806290274366233,0.0197154153582098
0.135943188034937,0.0582482090078462,0.779235257289542,0.0265733456676749
0.32870946984791,0.373365626541419,0.201371286189254,0.0965536174214167
0.27241225269741,0.225879574725802,0.338149102272935,0.163559070303854
0.499126526985893,0.130007916087069,0.329184801984881,0.0416807549421568
0.344448459806693,0.243462556970932,0.320442505199344,0.0916464780230313
0.547851869763948,0.294660944304769,0.0889272847418407,0.0685599011894427
0.192129520435195,0.413636687660606,0.119558377185571,0.274675414718628
0.104669095115576,0.226366295673738,0.0456892648448453,0.623275344365841
0.50872687507267,0.219277431674297,0.192718329371816,0.0792773638812172
0.353927787813185,0.206359377401743,0.323884368041877,0.115828466743195
0.223110339220967,0.125926976522866,0.585911474791343,0.0650512094648241
0.142314862698368,0.514321506927932,0.068960710342351,0.274402920031349
0.108785162520831,0.379060201875637,0.0455968230797423,0.46655781252379
0.151832294170486,0.484000856729216,0.077498500875315,0.286668348224983
0.478810914496817,0.220284358074715,0.192677691262269,0.108227036166199
0.255154433554136,0.133688166311001,0.53386127405016,0.0772961260847035
0.386167765897464,0.261101465334418,0.284507546581309,0.0682232221868085
0.231996529041664,0.317750050819262,0.168322037978303,0.28193138216077
0.08938499479312,0.377350765479368,0.0399353137315958,0.493328925995916
0.460465972121176,0.247897531370192,0.166152334166118,0.125484162342514
0.640027894089789,0.208675961773821,0.106753299079811,0.0445428450565794
0.146631070794726,0.224374096925746,0.0961827011157642,0.532812131163764
0.473343589212982,0.18531528116697,0.279686809626184,0.0616543199938642
0.0849758663147138,0.31414407234722,0.0397406594133843,0.561139401924682
0.183284886491009,0.343517702124226,0.0747001764262753,0.398497234958489
0.113054956089696,0.409608235209739,0.0551463451499251,0.42219046355064
0.488022812433449,0.246199242099177,0.161623494058628,0.104154451408746
0.327900911630863,0.239554485534213,0.232225948151372,0.200318654683553
0.0894613667815717,0.539073511692767,0.0327921519137546,0.338672969611907
0.232309186777825,0.10416297674169,0.613927044801509,0.0496007916789751
0.521843135658259,0.265039372506313,0.15612400480891,0.0569934870265178
0.139449645990717,0.227448341537221,0.0913007963171288,0.541801216154933
0.202461393637699,0.0845632966762753,0.681093335208883,0.0318819744771426
0.235085637344305,0.334354600564724,0.0902337590025645,0.340326003088406
0.267774732584997,0.468730111054566,0.145673960787147,0.11782119557329
0.315172731394428,0.294016382026038,0.25523283056565,0.135578056013884
0.380171135442717,0.0712694966741487,0.523710216150654,0.0248491517324796
0.261317259464571,0.136035779851307,0.532657804300909,0.0699891563832127
0.146307478250205,0.327771884168012,0.0614028227599755,0.464517814821807
0.0857487537544858,0.152454145537452,0.0494631417310029,0.71233395897706
0.102680730831146,0.261967195896469,0.0405334507978082,0.594818622474576
0.330812475558345,0.23808518916216,0.292139185348941,0.138963149930555
0.447340563946888,0.315261205185876,0.127178962771942,0.110219268095294
0.192894947526131,0.421354472522038,0.117784429048797,0.267966150903035
0.0688415683844839,0.837948480984215,0.0232518868271217,0.0699580638041789
0.651714398139851,0.168034196050156,0.13500057026023,0.0452508355497634
0.531478060553741,0.14093425753436,0.280967425071844,0.0466202568400546
0.470188786929556,0.24603675509957,0.165177140879154,0.11859731709172
0.296049536669986,0.113944802376068,0.553969748836554,0.0360359121173921
0.206967129399705,0.314762606429796,0.111355903839883,0.366914360330616
0.378135303037309,0.251446794046653,0.207519671350734,0.162898231565303
0.173959425064624,0.546710721259087,0.0583199502653039,0.221009903410985
0.357640138045522,0.163915410527898,0.383800214012647,0.0946442374139324
0.163626643141609,0.246106468796423,0.112123545624259,0.478143342437708
0.198175516542853,0.252577640496926,0.125557215444513,0.423689627515709
0.334076148819368,0.203645915520205,0.38318253167112,0.0790954039893064
0.103727673509778,0.18508882332995,0.0619301619512327,0.649253341209039
0.219072297805098,0.424179287647519,0.13531103428782,0.221437380259562
0.144881341747481,0.251075932693075,0.0962819928758395,0.507760732683605
0.359099534787934,0.320328585640359,0.221702356818217,0.0988695227534899
0.217206209133919,0.286605020720551,0.098478833805437,0.397709936340092
0.173283916500664,0.26410142630719,0.110619280945915,0.451995376246231
0.0927289790718701,0.180111326961098,0.0441307448785044,0.683028949088527
0.0742425874407566,0.370929865496648,0.0290235203047058,0.52580402675789
0.164989207789584,0.0445732753190723,0.77615923319647,0.0142782836948731
0.277406996180758,0.308133305404806,0.147438259577619,0.267021438836817
0.187078202794372,0.0728717454709706,0.709734064486611,0.0303159872480468
0.270628279444777,0.447000799686867,0.155126634517745,0.127244286350611
0.365964069420628,0.304666240465032,0.232135922989261,0.0972337671250792
0.278592437666181,0.240579325831265,0.320184387436753,0.160643849065801
0.379139727255133,0.19004999603265,0.336194488073538,0.0946157886386791
0.192308352028671,0.53550880323846,0.0896260564857468,0.182556788247123
0.33971269183802,0.187361600468357,0.391751870658936,0.0811738370346877
0.0846790413226708,0.208756319633925,0.0448539166502389,0.661710722393165
0.603925490907644,0.0940084985436186,0.27213279473431,0.0299332158144274
0.273207199798784,0.241110639535301,0.241416279504348,0.244265881161567
0.192107409960128,0.486794360271521,0.103419231155557,0.217678998612795
0.126086111328321,0.342127575133875,0.0666733164259779,0.465112997111826
0.15465103253666,0.059309960341994,0.759867819212218,0.0261711879091282
0.0836130969653625,0.196474909557775,0.0363121611934156,0.683599832283447
0.388402371764245,0.223433006801249,0.302246512230398,0.0859181092041087
0.508921140864424,0.32197232952206,0.119758322093015,0.0493482075205011
0.382204655478501,0.293859195491268,0.156964184734941,0.16697196429529
0.122595795864918,0.192993832198831,0.0709685169135476,0.613441855022704
0.179888483249997,0.240768557556664,0.126936775652694,0.452406183540645
0.376261308270206,0.177332466991187,0.344858523775589,0.101547700963018
0.331811292143399,0.203221248239669,0.321399040154592,0.14356841946234
0.520363564888084,0.246678635719836,0.167812397648862,0.065145401743218
0.400500607260076,0.22640776868978,0.239980622808155,0.133111001241989
0.22158802101314,0.407096341396802,0.113639868094987,0.257675769495071
0.139222830484983,0.225985088007163,0.0716253303117282,0.563166751196126
0.170900529003676,0.276066797874778,0.116958060821481,0.436074612300065
0.555994577577454,0.14408740352461,0.259734456695565,0.0401835622023709
0.420660461194792,0.187241524253854,0.296035864774392,0.0960621497769613
0.419843947255218,0.220654411718313,0.263960299313974,0.0955413417124946
0.192806930742867,0.284286905786179,0.0962884842046131,0.426617679266341
0.293719309408594,0.274449942507111,0.247582142130745,0.184248605953549
0.226954444975519,0.343610924343603,0.0870038822415304,0.342430748439348
0.288581105741332,0.163497800208708,0.462309958746916,0.0856111353030439
0.50648802401948,0.0996730497826067,0.359941425519496,0.0338975006784181
0.19174544358892,0.246885252661559,0.123116418487722,0.438252885261799
0.0818633158992891,0.214065171195318,0.0384628261214228,0.66560868678397
0.287142366041496,0.354050265115233,0.224833791593915,0.133973577249356
0.127007340536812,0.194768571459089,0.0747966481069646,0.603427439897134
0.229555754786711,0.396456642680247,0.133062933015482,0.240924669517559
0.302642244590374,0.259566563836495,0.275277114354792,0.162514077218339
0.227659212897827,0.0810621425010322,0.661562603632718,0.029716040968423
0.111190267548219,0.24099862216737,0.0468446668785589,0.600966443405852
0.312621192088931,0.336240360356082,0.112559623109996,0.238578824444991
0.401287731037068,0.425850333785134,0.115928472914093,0.0569334622637047
0.368183716124814,0.232317450449485,0.234935345169127,0.164563488256574
0.114213394218834,0.306921456837711,0.0618879538349411,0.516977195108514
0.0855536209753431,0.0183756635087169,0.889649154789852,0.00642156072608752
0.286042944446921,0.270675852140602,0.159615475206817,0.283665728205661
0.300236540237436,0.283140240549814,0.293189104225831,0.12343411498692
0.104742857385765,0.529284745388994,0.0394062129225594,0.326566184302682
0.505594308504569,0.232157616987829,0.205045628195997,0.0572024463116052
0.231668071928007,0.136685414209751,0.555811020937299,0.0758354929249418
0.126684166623816,0.324150056536941,0.070901468655793,0.478264308183451
0.669906713541788,0.0766159476654852,0.231320331728395,0.0221570070643326
0.163694489815543,0.239268685053869,0.114492156071209,0.482544669059378
0.230058267260546,0.531877086752749,0.0763504147084504,0.161714231278255
0.287636799028305,0.150598876288398,0.489852817367841,0.0719115073154559
0.190645020121088,0.0741224185771136,0.702907360700462,0.0323252006013357
0.357689587403976,0.249373757053586,0.294468190833976,0.0984684647084623
0.29668549022167,0.0829498016871627,0.588901726085432,0.0314629820057357
0.115887216885563,0.279041922868623,0.0643981000363971,0.540672760209417
0.339049474696082,0.205394745476106,0.384795634919242,0.0707601449085707
0.126701890204623,0.201115954784194,0.0802027507664646,0.591979404244718
0.525886943395021,0.271094651369918,0.133118744081577,0.0698996611534839
0.284908993160322,0.17420325364317,0.475687903177216,0.0651998500192914
0.49516670785567,0.22704745864743,0.230716348114595,0.0470694853823055
0.146999232435459,0.235864656366063,0.0976462029392872,0.519489908259191
0.273935794062049,0.302271476015301,0.266855142909727,0.156937587012922
0.122659207717718,0.218722553547664,0.0722268036188784,0.586391435115739
0.765031938212342,0.0572074638540886,0.161347178087169,0.0164134198463998
0.422977587811852,0.257621893685909,0.237286533052817,0.0821139854494207
0.101780108346778,0.248248199556531,0.0571472147079263,0.592824477388765
0.257938847173425,0.28993266316406,0.12793453035203,0.324193959310485
0.254742641639289,0.13373865818373,0.534840091706472,0.076678608470509
0.156298693211402,0.24525559937043,0.0998162073279948,0.498629500090173
0.0624547537837757,0.128438627639435,0.0312793258919744,0.777827292684815
0.171133865318545,0.0693431042436335,0.726186259579094,0.0333367708587273
0.296472294309244,0.258028773923759,0.323178531750349,0.122320400016648
0.159399758464969,0.0615687988162519,0.752682676094779,0.0263487666240001
0.124096122985679,0.197043307124328,0.072984433942344,0.60587613594765
0.484751800152132,0.208322740949963,0.206196374705461,0.100729084192444
0.308166458698702,0.426009754522756,0.11098326001117,0.154840526767371
0.0565249538492523,0.129940284337246,0.0295792935635419,0.78395546824996
0.542457710872181,0.195765515655802,0.182109103178345,0.0796676702936718
0.26753332326943,0.2525847437857,0.27677476787527,0.2031071650696
0.159197584279738,0.528444738553549,0.0699081103022974,0.242449566864416
0.849917171392974,0.0858920141723587,0.0478386417242657,0.0163521727104012
0.0886444274484191,0.334894198502589,0.0387907211918623,0.53767065285713
0.305865130810487,0.137609189072162,0.508850285401418,0.047675394715934
0.145176279498802,0.232516636778539,0.0972943828661808,0.525012700856479
0.0900769974032347,0.201410110463374,0.0480452307355657,0.660467661397825
0.349872806392838,0.256971332408701,0.239727250072854,0.153428611125606
0.487946586275397,0.121745151162105,0.346360720729634,0.0439475418328648
0.409626340492373,0.311784172109763,0.141611171408881,0.136978315988984
0.145108136095977,0.215671975255178,0.0931282645671868,0.546091624081658
0.0494181903590885,0.871170846550447,0.0165403830812496,0.0628705800092151
0.0287514163027691,0.0621381328190404,0.0148406159571112,0.894269834921079
0.368878105435141,0.340639854850905,0.188366204330491,0.102115835383462
0.0485430759522531,0.899638335114014,0.0133811160551687,0.0384374728785641
0.171429669696745,0.373735342494217,0.0957547688190118,0.359080218990026
0.345630381203802,0.299121251059743,0.202410698319617,0.152837669416837
0.261527656132607,0.376708128614362,0.114701319616271,0.24706289563676
0.205815734664543,0.457918255144736,0.0806396667544608,0.25562634343626
0.0839621561255625,0.152473735831827,0.044310603396631,0.71925350464598
0.330274544816379,0.116526080370852,0.498073584480126,0.0551257903326436
0.147272168391888,0.386694288906687,0.0767378077628189,0.389295734938606
0.236324059047359,0.639698573635171,0.0628744953749816,0.0611028719424885
0.281120167393657,0.464943838968733,0.12695191635601,0.1269840772816
0.346980577274994,0.237455438871995,0.246950621809982,0.168613362043029
0.273754992945951,0.397540247933798,0.153683591129063,0.175021167991188
0.121719655665533,0.514514747217446,0.0541803166454785,0.309585280471543
0.380072428496415,0.371341882988393,0.15736733971593,0.0912183487992619
0.258971112760916,0.356049971485501,0.195705675002311,0.189273240751272
0.450610543040504,0.210970091055399,0.256820290587818,0.0815990753162794
0.0918066548562577,0.517099547528211,0.0353242467429997,0.355769550872531
0.26995519652117,0.245292170706216,0.299402742937952,0.185349889834663
0.447309625577832,0.310279455908795,0.128304644397384,0.114106274115989
0.579145931794154,0.243350734802945,0.115624991387795,0.0618783420151067
0.242421984319784,0.54871775272402,0.0821908716712912,0.126669391284905
0.213250834964715,0.534952014273764,0.0992208808955759,0.152576269865946
0.238947363072891,0.612797267668177,0.0616233813557243,0.0866319879032078
0.49246094342787,0.166286547514182,0.283522540157667,0.0577299689002813
0.604467797767187,0.173605167818021,0.164806775082099,0.0571202593326937
0.236013151372358,0.564679479143301,0.06578695736876,0.133520412115582
0.190077259696321,0.351491240772221,0.0863344133049578,0.3720970862265
0.0690423204141781,0.191640013701875,0.0356638114680308,0.703653854415916
0.162115151414661,0.734989450447585,0.0385968688022362,0.0642985293355177
0.166813439459645,0.561031314942858,0.058095253792173,0.214059991805325
0.166803749767289,0.0677861153999787,0.733401222360807,0.0320089124719254
0.10330428966999,0.677570315276976,0.0415026176075525,0.177622777445481
0.182618303134601,0.603894628731381,0.0684756209748225,0.145011447159195
0.348204198341547,0.336496598829439,0.149896758652094,0.165402444176921
0.221478910595444,0.446235373461217,0.113652324301337,0.218633391642001
0.227360854753683,0.357951618944637,0.110025310190259,0.304662216111422
0.286208547352707,0.427219323668284,0.168587612932197,0.117984516046812
0.0331004842658712,0.071887941769504,0.017407575044313,0.877603998920312
0.493243758919314,0.390387747944492,0.076612348411143,0.0397561447250516
0.106280653829591,0.216607156511409,0.0634195642620229,0.613692625396977
0.191340892504231,0.318356485938083,0.0767555002689647,0.413547121288721
0.104693891705006,0.630901502018599,0.0375938618999815,0.226810744376414
0.500955939856961,0.274307843205032,0.165394837539374,0.0593413793986329
0.906980227639289,0.0414706189443396,0.0433088796360306,0.00824027378034042
0.617218282554009,0.11548561485564,0.226576486662058,0.0407196159282928
0.214492493938652,0.0892036537924466,0.663862886981415,0.0324409652874867
0.1550982213989,0.266629735183624,0.0982938459027716,0.479978197514704
0.140587725727162,0.738829765059035,0.0359467585345193,0.084635750679283
0.126007904089106,0.343190289026284,0.0623300115367144,0.468471795347895
0.730224467276367,0.116353495807289,0.130099044002741,0.0233229929136031
0.459841363885401,0.207064342132157,0.238069649442343,0.0950246445400984
0.151968796882292,0.295080790278102,0.071703473682688,0.481246939156918
0.260879463620945,0.165848345725125,0.48854261678581,0.0847295738681204
0.174643076594024,0.237465878541309,0.120181120023026,0.467709924841642
0.260192479958723,0.413078763920377,0.168881985152579,0.157846770968321
0.424567275371756,0.349318713944845,0.152675391227941,0.0734386194554581
0.443540088013277,0.194926047300494,0.26907323363674,0.0924606310494888
0.747902075925436,0.125298511087946,0.10462333001462,0.0221760829719983
0.463340259341573,0.128961062857558,0.373305936661326,0.0343927411395423
0.408135904501554,0.259775042409158,0.234277432525444,0.0978116205638449
0.274462086516051,0.596988567372018,0.0735838027406239,0.0549655433713075
0.330156026864225,0.433744635590317,0.0975172177719614,0.138582119773497
0.680246423543793,0.155353238636224,0.119884513466204,0.0445158243537788
0.0841148041732953,0.181748595752825,0.0407693635054428,0.693367236568437
0.292557805539687,0.192511719021858,0.436728455559414,0.0782020198790411
0.202938621923195,0.277028079397494,0.124039614079014,0.395993684600297
0.303888412494827,0.463820537482938,0.0946028133168502,0.137688236705385
0.466923287639124,0.290169754173009,0.173528696953134,0.0693782612347328
0.255424870876885,0.129877064671331,0.540642755419028,0.0740553090327561
0.0297759511008102,0.00713731704061992,0.960534547057076,0.00255218480149409
0.272592705317965,0.421759078366767,0.152797959951983,0.152850256363285
0.409492203591741,0.279819809629108,0.159318181512964,0.151369805266187
0.209219770187214,0.695170131448106,0.0392453595968583,0.0563647387678212
0.510705248156736,0.178663452192219,0.255583832508518,0.055047467142527
0.109471998959773,0.251880117903872,0.061882065348264,0.576765817788091
0.228999961787703,0.108201272301233,0.620820069056808,0.0419786968542552
0.153492263542112,0.574218256359516,0.0650939126919168,0.207195567406455
0.145835823235451,0.378138354153288,0.0547932000867799,0.421232622524481
0.390199748991728,0.37498233924365,0.107855123861678,0.126962787902944
0.708190531296185,0.0953115273326139,0.16789844560493,0.0285994957662709
0.157899641797156,0.233754142959179,0.093967541051733,0.514378674191933
0.37614615046284,0.31536588677337,0.1556936236623,0.15279433910149
0.271442775085138,0.262750340829039,0.183613675281038,0.282193208804785
0.350059125831533,0.288944610039205,0.253032300265408,0.107963963863854
0.168855370554591,0.471445561426157,0.0874525333910425,0.27224653462821
0.12564317378653,0.287190702439691,0.0731822171150164,0.513983906658763
0.246390303767107,0.137781461375348,0.556385765306434,0.0594424695511107
0.321519392295742,0.434349037321698,0.157050548141575,0.0870810222409858
0.255846726384954,0.117474341502261,0.572009484731287,0.0546694473814976
0.157665104464714,0.236720117223706,0.0807373526321174,0.524877425679463
0.124690705733716,0.238653897795852,0.0585294759828435,0.578125920487588
0.373171759125596,0.267342336771275,0.28718262226177,0.0723032818413593
0.080087956343937,0.14730512684079,0.0434085451686212,0.729198371646652
0.153028643201218,0.37353206757807,0.0852208477475015,0.38821844147321
0.322202844006009,0.358614215620209,0.175636071958184,0.143546868415598
0.156201843953368,0.728253017726756,0.0375199450119476,0.0780251933079291
0.322536926943289,0.226794072247611,0.356321040380309,0.0943479604287905
0.13403266371305,0.41923918394316,0.0585872988815627,0.388140853462228
0.175190068867262,0.366822990750318,0.10789780788768,0.35008913249474
0.180355288740965,0.43395924559279,0.105752459260378,0.279933006405867
0.250816035300817,0.256520466471457,0.15973548278942,0.332928015438306
0.225980675676668,0.49471276811138,0.0966104863393517,0.1826960698726
0.113438882055778,0.51900544102151,0.0472572788575202,0.320298398065191
0.122770783201469,0.25132793070103,0.0709253834435616,0.554975902653939
0.305049689758813,0.133776731434474,0.488239476864295,0.0729341019424175
0.114311652433484,0.213873469623589,0.07123557988289,0.600579298060038
0.385003296672951,0.310065925983607,0.234128484187145,0.0708022931562972
0.278406912002861,0.181610577412003,0.430572423053178,0.109410087531959
0.24051464479641,0.360812428722225,0.0873531222597392,0.311319804221626
0.202242813825951,0.520580179505652,0.0948553850313638,0.182321621637033
0.39413079121661,0.0916067832915791,0.47784724730004,0.0364151781917706
0.0776220899072954,0.820935863907418,0.0240479079510653,0.0773941382342209
0.482198423237594,0.267307999594747,0.159239923205707,0.091253653961952
0.105448788958756,0.739094131472902,0.0409162900713973,0.114540789496945
0.250151471612357,0.302832785218021,0.236849701006653,0.21016604216297
0.214507808309379,0.404212583763171,0.140299819376899,0.240979788550551
0.240586852099419,0.46584877785725,0.141684208988605,0.151880161054726
0.122847353076609,0.73688041417535,0.0361703875671335,0.104101845180907
0.303993501558658,0.247048908566223,0.224596788290187,0.224360801584933
0.325439876970693,0.233871854244366,0.259894570829379,0.180793697955562
0.289815815235574,0.308540302118003,0.139670276093222,0.261973606553201
0.130309834421638,0.62755747097581,0.0562735053839633,0.185859189218588
0.338329513763119,0.364579382489893,0.114649766418805,0.182441337328184
0.234943482911492,0.402283455330947,0.16348654304401,0.19928651871355
0.198724152152142,0.0915804850264427,0.669350510753297,0.0403448520681181
0.0860474296514215,0.179567928482636,0.0435713974772934,0.690813244388649
0.144040148514101,0.480161695496048,0.0614758036863993,0.314322352303452
0.125692138895613,0.218791727936845,0.066887324018903,0.588628809148639
0.0193146495692384,0.0581390987425952,0.00867981418794412,0.913866437500222
0.225236549063517,0.303155111459836,0.14649566656983,0.325112672906818
0.216404368564048,0.558728182875746,0.0707857945926269,0.154081653967579
0.222375777537652,0.290209854004932,0.158091064216892,0.329323304240524
0.315823089722817,0.275059747220128,0.302882929111667,0.106234233945389
0.125971667711733,0.216408621693763,0.0692487332606058,0.588370977333898
0.479666464214265,0.305268207738813,0.126403682051648,0.0886616459952743
0.638341313608276,0.128910672892033,0.203499210121832,0.029248803377859
0.200597119055544,0.100603935585495,0.652339551365112,0.0464593939938485
0.112621780157219,0.34823811544636,0.045962790730531,0.49317731366589
0.215212736315207,0.342274110046292,0.159930788757672,0.282582364880829
0.590298677947245,0.237894174014115,0.122633330133436,0.0491738179052042
0.369907303430936,0.127729871470833,0.464957278711376,0.0374055463868552
0.181356570547205,0.258203510544987,0.0952000925945822,0.465239826313226
0.0672046743419887,0.222608405893329,0.0322692239471194,0.677917695817563
0.125537192399456,0.283419106091879,0.0543376620077635,0.536706039500901
0.530229272843054,0.251736144589735,0.127644228794986,0.0903903537722255
0.109693000139587,0.761305776638649,0.0404034551421196,0.0885977680796439
0.283950357038138,0.0819940572344943,0.606226797566248,0.0278287881611191
0.354123037896004,0.296942636144143,0.143900437006967,0.205033888952886
0.124772848510345,0.417091990381825,0.0451228814157809,0.413012279692049
0.696646965158482,0.132619361131855,0.141676867016096,0.0290568066935669
0.314009753069903,0.16145736617011,0.471676781195343,0.0528560995646442
0.156637004666638,0.461414641178001,0.0766296316433972,0.305318722511963
0.0929369223440661,0.29140775170287,0.0464438879961387,0.569211437956925
0.359090810644977,0.374337241405065,0.117789593219049,0.148782354730908
0.096979504488499,0.171582878157018,0.0543283304545626,0.677109286899921
0.225611557500196,0.266221830475803,0.163267796705746,0.344898815318255
0.368968132644794,0.417452375041686,0.0909508735833644,0.122628618730156
0.134368804267824,0.437546942451609,0.0584018114891772,0.369682441791389
0.107502899883121,0.258152786133264,0.0542614023063794,0.580082911677236
0.203656483091587,0.456686784581524,0.111029557088721,0.228627175238168
0.118237318121547,0.574571476780951,0.0475376790647853,0.259653526032716
0.225827423313968,0.575880184842824,0.06028200006989,0.138010391773318
0.518398075163792,0.337239735930892,0.0821128378960288,0.0622493510092872
0.308488603774747,0.496273037867388,0.0688564561834178,0.126381902174447
0.333234048407544,0.348664749879246,0.203320488509124,0.114780713204085
0.100606461004283,0.18353195153995,0.0607423563058976,0.65511923114987
0.0890830050573287,0.549031847661505,0.0328250603303007,0.329060086950866
0.412178947899433,0.287947495782811,0.180108391861589,0.119765164456167
0.151232409567173,0.225393308091174,0.0987504257034611,0.524623856638192
0.411268371906559,0.403463723558744,0.107188295109294,0.0780796094254025
0.037534170348291,0.0999280818952132,0.0169978087692065,0.845539938987289
0.349045155347677,0.408703275727941,0.147649404912571,0.0946021640118117
0.141271340221051,0.230688325557959,0.0909549790761315,0.537085355144858
0.330550445048651,0.175970249687272,0.43891566462289,0.0545636406411868
0.269191970769364,0.135243738525911,0.531245091732591,0.064319198972133
0.423566544726544,0.16464283535912,0.34223195195766,0.0695586679566762
0.200759601229119,0.262716722780862,0.112444166567244,0.424079509422776
0.217970769586327,0.413514186522359,0.0721191601402845,0.29639588375103
0.109858707155369,0.188164782982486,0.0634411183487973,0.638535391513347
0.662444865404488,0.152502800676578,0.140793784234473,0.0442585496844613
0.199303876987852,0.0595731151653719,0.717280509725766,0.0238424981210105
0.449783349141711,0.262368854676238,0.157281805637464,0.130565990544586
0.23519278309611,0.468794915286434,0.073675430865811,0.222336870751645
0.506973203063551,0.0982425962076165,0.362233918506778,0.0325502822220548
0.100424204994641,0.196787616738775,0.052341509338002,0.650446668928582
0.263279649014538,0.357888243840488,0.101318976756848,0.277513130388126
0.358887328226909,0.35250344569689,0.188306416047348,0.100302810028853
0.24315164591462,0.255714281202747,0.165941444753875,0.335192628128758
0.401014745742995,0.259935729338846,0.209960580310422,0.129088944607737
0.46947568502088,0.264671751844478,0.156453223647199,0.109399339487443
0.543829703358023,0.130050067827241,0.276846819199147,0.0492734096155894
0.405852409880763,0.253931822739551,0.225679878899575,0.114535888480111
0.375226189423911,0.273855304794988,0.197437619624422,0.153480886156679
0.518696059415158,0.136975466138983,0.28795484547865,0.0563736289672091
0.101724086283604,0.375418431910122,0.0413694493566395,0.481488032449634
0.0736608258232073,0.136987025589944,0.0400516713274651,0.749300477259383
0.052398463892458,0.114885508963711,0.0259846930400915,0.80673133410374
0.15874504193245,0.229878850536464,0.101833056687777,0.509543050843309
0.194644989887279,0.264964526555171,0.11987603460603,0.42051444895152
0.0963697476262231,0.212023420769536,0.0491028121430811,0.642504019461159
0.0936713846892725,0.6622101441792,0.0360570429919146,0.208061428139613
0.418683199640793,0.241918763744268,0.211334600373974,0.128063436240965
0.20589070611303,0.266147221960137,0.117978913137737,0.409983158789096
0.250918801195818,0.439943107178651,0.124469110806502,0.184668980819028
0.394791081140909,0.205303585107013,0.311261020746499,0.088644313005579
0.267251151111948,0.100073289188237,0.601201334112639,0.031474225587176
0.159629887181052,0.0706103322842982,0.738422039281157,0.0313377412534932
0.205879493886724,0.608127398009969,0.070341168696326,0.115651939406981
0.343889194801763,0.191830692498028,0.394288564898851,0.0699915478013575
0.0270747222093981,0.0628979254325985,0.0139188738179665,0.896108478540037
0.216678463894561,0.254099225601774,0.138142091683657,0.391080218820009
0.133266050182156,0.227840658188706,0.0827700508002989,0.55612324082884
0.321371292785685,0.122925369194289,0.500631666275755,0.0550716717442716
0.0948385447695987,0.332783948683345,0.0426512980902428,0.529726208456814
0.184846562304817,0.338772631964442,0.0699444225687425,0.406436383161999
0.127567914093505,0.397761013759728,0.0653571681745511,0.409313903972215
0.0645532252253691,0.133094620447677,0.0302518305563542,0.772100323770599
0.272640579865005,0.299443824772773,0.256801266347568,0.171114329014654
0.283002037442294,0.11258377710762,0.55202959131999,0.052384594130096
0.199483276110654,0.391567446840723,0.126614473149964,0.282334803898659
0.31077060349682,0.104465690033495,0.548331032039142,0.0364326744305436
0.415310630248863,0.367109462310534,0.154649964229562,0.0629299432110416
0.115769757503013,0.301736628612448,0.0620787490649279,0.520414864819611
0.248785944103515,0.610702480606723,0.0581132537056379,0.082398321584124
0.39322311120109,0.110167137985494,0.452657550081618,0.0439522007317972
0.727970072618659,0.099489331429756,0.144002775403858,0.0285378205477265
0.11332960465635,0.18760349585363,0.0697364973858589,0.629330402104161
0.301219523919842,0.51980732686125,0.0950690557018129,0.0839040935170949
0.21026830080082,0.708081497787532,0.040292658704085,0.0413575427075628
0.210446630244837,0.312355896759186,0.153747687424295,0.323449785571682
0.485966781392586,0.180630691391697,0.269961332298983,0.0634411949167339
0.122394877919156,0.197607071732373,0.0760989634302677,0.603899086918203
0.213883400169424,0.475982483673346,0.10409570431378,0.20603841184345
0.386796238619377,0.227082603606546,0.271052926685196,0.115068231088881
0.0948078424189656,0.189914011828778,0.0566192519528606,0.658658893799395
0.276837363444171,0.601307292705867,0.0697480623649191,0.0521072814850433
0.146639625730491,0.315645262659646,0.0732787716577014,0.464436339952162
0.367584486231275,0.336400186253452,0.168980004233667,0.127035323281607
0.309646498096635,0.335432128650387,0.206643858744129,0.148277514508849
0.345758424707059,0.271712697291422,0.275734922319523,0.106793955681996
0.103863258876785,0.203549613863802,0.0540023982741061,0.638584728985307
0.718361153363171,0.0713092185808714,0.193260249705195,0.0170693783507632
0.30338478641829,0.126602162848153,0.507140167963612,0.0628728827699455
0.0570273296047531,0.127281690114646,0.0291962252802344,0.786494755000366
0.159175152579351,0.265190066350034,0.0818220121970152,0.4938127688736
0.102855840211454,0.221377142718438,0.0476370290839428,0.628129987986165
0.0927264581998307,0.21200990130497,0.0509002956421367,0.644363344853063
0.211262029766161,0.350306384226317,0.0921393147328807,0.346292271274641
0.0875590999027935,0.306811329020076,0.0422214820599698,0.563408089017161
0.702988026278381,0.160849665654653,0.0931540424449615,0.0430082656220039
0.125282721987111,0.204167585271542,0.0796622122037042,0.590887480537642
0.178997320305135,0.0659803496799482,0.729601719279336,0.0254206107355814
0.112649624053739,0.21100674756594,0.0668475951819435,0.609496033198377
0.407207689277014,0.450297900429886,0.0918092046691305,0.050685205623969
0.154755448285472,0.227766830228767,0.105091038495548,0.512386682990213
0.232893962157971,0.288190084483556,0.113969779184242,0.364946174174231
0.269981955661575,0.560234622433749,0.081709079179719,0.0880743427249576
0.101856820933612,0.176339932736765,0.0543490737986306,0.667454172530992
0.240846158488254,0.353543796591386,0.163916404876759,0.241693640043601
0.645008931173197,0.0844186820496889,0.249920719437335,0.0206516673397797
0.150998026218159,0.264745523557522,0.0843079953717379,0.499948454852581
0.101549129598112,0.185287632555981,0.0534386613787575,0.659724576467149
0.226051929302949,0.447910231721768,0.0726893401204919,0.253348498854792
0.0425299904036896,0.0946471220960601,0.020375751281122,0.842447136219128
0.25645295578405,0.404796043124883,0.0847347439100549,0.254016257181013
0.464561239783091,0.334652763792164,0.113633897820853,0.0871520986038919
0.235100629229386,0.574797762296984,0.0948094110287954,0.0952921974448346
0.0982788718907134,0.24719467901501,0.0439361235856129,0.610590325508664
0.145019141407637,0.232303386499915,0.0806909291059812,0.541986542986466
0.319561865642004,0.245983747186813,0.312276159912161,0.122178227259021
0.128677253511625,0.205211116075129,0.0799187625914636,0.586192867821782
0.288768217361482,0.261233449279516,0.235404477661499,0.214593855697503
0.090367103839771,0.272387654443591,0.0407958915241111,0.596449350192527
0.17100213271928,0.365108721220333,0.0926311612973542,0.371257984763033
0.102230562985431,0.210321895618114,0.0533585932372277,0.634088948159227
0.201249720037979,0.549669975567991,0.0988934662827898,0.15018683811124
0.170230758425789,0.0815978298788734,0.711856930393282,0.0363144813020555
0.0744829331367215,0.0268209137290809,0.887932900139545,0.0107632529946528
0.272158298923191,0.141859421153422,0.534114856919742,0.0518674230036447
0.198113533299474,0.257612750073769,0.115197330062747,0.42907638656401
0.391340332053879,0.243376753374241,0.263472624711646,0.101810289860234
0.37606277661301,0.325996377745615,0.170689258231111,0.127251587410264
0.271541991148067,0.414872896316129,0.0881456808651984,0.225439431670606
0.161382639250888,0.24456029471658,0.106595371711676,0.487461694320856
0.0264845100332124,0.0644921572482797,0.0136276723228908,0.895395660395617
0.168725501149351,0.31194418447865,0.0998805279106734,0.419449786461326
0.368801370339779,0.159752247743023,0.38279608741306,0.0886502945041388
0.215168179037127,0.292197257254699,0.123539618269544,0.36909494543863
0.235566018150592,0.142330467164005,0.544021456648866,0.0780820580365374
0.335749700215715,0.310295032558415,0.181554826973064,0.172400440252806
0.374514331941703,0.220833005605632,0.257670967669505,0.14698169478316
0.103554987685891,0.251344093160431,0.0422292398768786,0.602871679276799
0.0446473712542967,0.0960099569569838,0.0239751250056496,0.83536754678307
0.787739870016487,0.131792810354999,0.0575377407857544,0.0229295788427597
0.191687113174591,0.461750095392394,0.0815208267553829,0.265041964677632
0.280909235006742,0.0881419439991414,0.596191387902847,0.03475743309127
0.316019280638197,0.397892479240487,0.179445455332772,0.106642784788544
0.0771594974885716,0.184570149444197,0.039992342568584,0.698278010498648
0.192374469019607,0.0985392477640111,0.664586398000496,0.0444998852158863
0.196551709427591,0.279194392961371,0.108715823961988,0.415538073649049
0.0602365813707731,0.162031117539724,0.0302026425848733,0.747529658504629
0.472430929679149,0.184833149167913,0.274561079521592,0.0681748416313468
0.632261030002007,0.10219796121205,0.241717978815476,0.0238230299704672
0.16463234693609,0.0686942997123998,0.733687104447145,0.0329862489043654
0.151318154316763,0.650788865462952,0.0634761684067291,0.134416811813556
0.358004853355751,0.300299958256863,0.204247006746185,0.137448181641201
0.159325258915406,0.470933796972742,0.0696259607081559,0.300114983403697
0.235740367730268,0.519084842747209,0.112266499019117,0.132908290503406
0.373315127281152,0.19789643131034,0.304808747311334,0.123979694097174
0.242570580022229,0.515662757447367,0.123978045368133,0.117788617162271
0.0740635445310581,0.146965168002431,0.042323628611071,0.73664765885544
0.635574317944087,0.0893441705468451,0.251350968824695,0.0237305426843728
0.137306318574422,0.561932495357492,0.0495769808658341,0.251184205202252
0.502217401923742,0.247321282823046,0.190203495992626,0.0602578192605856
0.343105440129904,0.172017917531941,0.433622443317992,0.0512541990201634
0.603718300781321,0.0870201497183931,0.28636607491483,0.0228954745854553
0.114321003260129,0.645397601325958,0.0454072418047893,0.194874153609124
0.141704579480845,0.408587008509613,0.0766155327251301,0.373092879284412
0.104104211679542,0.313968701393274,0.0389751040161335,0.54295198291105
0.155566728819312,0.245924149461575,0.106887403585257,0.491621718133856
0.100120484255848,0.200545509621804,0.0575360602480882,0.641797945874259
0.527612342191557,0.0698930424261139,0.381934236918499,0.0205603784638296
0.385334622940736,0.130465229151472,0.428913530563783,0.0552866173440091
0.49145639023136,0.140010481357492,0.309169026583753,0.0593641018273947
0.296942939284921,0.256049638474291,0.334907397422349,0.112100024818439
0.119734049864926,0.191554111957014,0.0734699891793476,0.615241848998712
0.499836723255992,0.31450825560388,0.13707619597489,0.0485788251652377
0.538847892081223,0.200067711149839,0.204287585984597,0.0567968107843411
0.178060684888351,0.421142259088237,0.101191959627794,0.299605096395618
0.361702911549816,0.33288945577388,0.219845797484834,0.0855618351914696
0.13624314904549,0.287676674955895,0.0836209422714186,0.492459233727195
0.257235598627642,0.504018066773245,0.122335395361549,0.116410939237564
0.077656558514063,0.0165981707639034,0.900180471366866,0.00556479935516787
0.115127893355382,0.281156660992006,0.0631965874454895,0.540518858207123
0.112196196289289,0.273116950011006,0.0615949211516943,0.55309193254801
0.39749320590257,0.31964558246563,0.158850558204904,0.124010653426896
0.471367697463474,0.092917735876781,0.404979581679161,0.0307349849805841
0.236871861308928,0.419599601229155,0.125896489515737,0.21763204794618
0.32317273215304,0.0644876023633261,0.591972862305221,0.0203668031784131
0.183330273816317,0.445131669739562,0.0991720986597175,0.272365957784403
0.10522987326153,0.667139678462504,0.040701619464373,0.186928828811592
0.373193448156343,0.0904740004018629,0.499443730071138,0.0368888213706554
0.397249331574805,0.43172272894045,0.0887181590434681,0.0823097804412772
0.145072052619353,0.2137228154911,0.0916553445257611,0.549549787363786
0.468827285025699,0.424593377870235,0.0674191541146645,0.039160182989401
0.356012291641058,0.341823415730833,0.120096780774713,0.182067511853396
0.263304406944865,0.132044168108019,0.550834033496432,0.0538173914506844
0.173789606007261,0.368048751921964,0.0867199240511107,0.371441718019664
0.257813232891388,0.260972661709056,0.287916287376189,0.193297818023367
0.0192401530381218,0.0524592506818748,0.00929041468535994,0.919010181594643
0.109625149802048,0.366767441889883,0.0459158400025495,0.47769156830552
0.173945699353206,0.395989624939681,0.103913281705528,0.326151394001584
0.368671570527455,0.256454296181698,0.264348171114451,0.110525962176396
0.635571858603069,0.159532360246489,0.15783882809276,0.0470569530576825
0.0930789633675205,0.186901551973781,0.0548858409370774,0.665133643721621
0.118859987643733,0.776286296897039,0.0349270567607138,0.0699266586985142
0.0891856824405365,0.294897559048794,0.0421261901983111,0.573790568312358
0.425858556005463,0.251307166801643,0.181762341533298,0.141071935659595
0.357569170283808,0.262992669478585,0.186801108730428,0.192637051507179
0.366607095609653,0.226983368318968,0.246004158632539,0.16040537743884
0.170120281723018,0.382370592448859,0.0993353733667704,0.348173752461353
0.536138922464604,0.167877271711515,0.250167608021675,0.0458161978022064
0.339089542871364,0.30061113754969,0.245543752168888,0.114755567410058
0.0658742550956685,0.132580107050003,0.0351357361576888,0.76640990169664
0.146277657205054,0.309011708528466,0.0909238830111768,0.453786751255303
0.295504261841266,0.457854249978009,0.0931501307802699,0.153491357400454
0.249885250070047,0.323950309146331,0.219890451709765,0.206273989073858
0.0823772533339833,0.205019857989669,0.043734676099999,0.668868212576349
0.301054874508249,0.413887743919004,0.0900998800804953,0.194957501492251
0.301438884813425,0.190511895789328,0.399954316317202,0.108094903080046
0.228676070781022,0.46444248552691,0.133619861207717,0.173261582484352
0.210214813312253,0.0688046298314066,0.69248572054505,0.0284948363112898
0.0617714699170195,0.167678453621153,0.0300534103941617,0.740496666067666
0.119658221887638,0.636974140160196,0.0405746511216274,0.202792986830538
0.312336297041147,0.341147392656387,0.140529620203834,0.205986690098631
0.274191272871953,0.0880923605042656,0.600439601970634,0.037276764653147
0.184897532642392,0.59104527601946,0.0749463624124791,0.14911082892567
0.163561843980195,0.3141028192137,0.107502908702464,0.414832428103641
0.348509478020191,0.218222443022741,0.365184180345493,0.0680838986115754
0.334763978431011,0.334229515236312,0.151763612686341,0.179242893646337
0.0828442017813722,0.147496634212034,0.0463802999324713,0.723278864074123
0.217474083478936,0.248223663311364,0.147447471190962,0.386854782018737
0.24023704824219,0.306764727227354,0.216691467513201,0.236306757017255
0.137095457143712,0.248173316639477,0.088878276873562,0.52585294934325
0.256836437925313,0.124397612579061,0.560691522052301,0.0580744274433255
0.337444907808147,0.244558889386012,0.2545826871143,0.163413515691541
0.148242494486325,0.385645030872809,0.0819563436223391,0.384156131018527
0.0742356724133735,0.159914902853086,0.0367131942950791,0.729136230438461
0.584073269492452,0.119453998733209,0.259381829014601,0.0370909027597374
0.108134597927409,0.192453644211853,0.0600367241727556,0.639375033687983
0.163646867113125,0.28755602618023,0.0730970883434994,0.475700018363145
0.0998956808991094,0.182197147263027,0.0599821974059216,0.657924974431942
0.254946156185464,0.308036496615717,0.112752934223487,0.324264412975332
0.178457109872365,0.402141982774103,0.075136117657164,0.344264789696368
0.332224821335554,0.464219446514428,0.106464261570814,0.0970914705792042
0.0387093915514698,0.0875981544615773,0.0185795002245124,0.855112953762441
0.40591294855816,0.344112545105938,0.180177194891197,0.0697973114447054
0.08660020270003,0.198918613771308,0.0492677687735267,0.665213414755135
0.131904403337031,0.214993787462683,0.0689307533673274,0.584171055832959
0.250304673809526,0.273329124511609,0.173821822718216,0.302544378960649
0.188529264472344,0.643243418793031,0.06503397263615,0.103193344098475
0.37993114735588,0.184486126782779,0.372877443280574,0.0627052825807668
0.406881596654747,0.326907342317299,0.182162510894396,0.0840485501335593
0.0696514397611627,0.190787503144127,0.0353278317672644,0.704233225327446
0.227898461579327,0.102870595610539,0.615748057606044,0.0534828852040897
0.256018333901116,0.468598332848275,0.125438657886263,0.149944675364346
0.119737322719387,0.411501022311398,0.0419136212921708,0.426848033677044
0.154630762616093,0.265360366487375,0.102931301248986,0.477077569647546
0.437366095340466,0.25789249141806,0.197987903694897,0.106753509546577
0.224833379275834,0.385920821392498,0.0928525999460998,0.296393199385568
0.586669289451277,0.144051023828445,0.215816833498819,0.053462853221459
0.262474355516038,0.183930377002065,0.447789530632173,0.105805736849725
0.397336413192921,0.4519420230734,0.0945207526966251,0.0562008110370531
0.099411760711576,0.290199002788899,0.0489000260058808,0.561489210493644
0.345909408874172,0.152657168175671,0.430320030694153,0.0711133922560042
0.113578807141048,0.707270154978598,0.0390730225453512,0.140078015335003
0.499061742799523,0.290364284889255,0.131416628262589,0.0791573440486324
0.140350972719759,0.0482334636561675,0.790500209642467,0.020915353981607
0.282494864851585,0.263525847969867,0.178838070595239,0.275141216583309
0.2669318865881,0.181841984724203,0.438122972132502,0.113103156555195
0.309217064641239,0.367548304150783,0.169705970401053,0.153528660806925
0.258202184004059,0.121294599549265,0.573020226243527,0.047482990203149
0.265657172777243,0.391781519289907,0.0864341336550126,0.256127174277837
0.324425570889433,0.359539409924609,0.20985945465878,0.106175564527179
0.291275580794653,0.364250447272174,0.217038352060732,0.12743561987244
0.268993873192519,0.515293316794708,0.105472799219746,0.110240010793027
0.369873779433363,0.258279515443237,0.256135434120106,0.115711271003294
0.257818627641683,0.265255034407057,0.285048469612985,0.191877868338274
0.138415710820409,0.291996062793062,0.0795863365107786,0.49000188987575
0.127000150749949,0.28342616979385,0.0737399005361029,0.515833778920098
0.525508440090085,0.336647486093188,0.0936951735826828,0.0441489002340434
0.375926097885849,0.259611234598312,0.270968550145264,0.0934941173705744
0.413793406476324,0.171698873202247,0.340976148206578,0.0735315721148509
0.57936848207995,0.21564659715463,0.161478697344412,0.0435062234210087
0.133281416457928,0.0560332839946407,0.786381616582311,0.0243036829651196
0.207711742001979,0.67931102700479,0.0489385820273384,0.0640386489658929
0.46563466866467,0.203585613224642,0.253210126914258,0.0775695911964302
0.119883149999151,0.453445068451078,0.0532124238934419,0.37345935765633
0.163414635715967,0.294923230228228,0.0859233913059304,0.455738742749875
0.141083230483432,0.0586114013814048,0.774729727194512,0.0255756409406511
0.182958461996663,0.366522927286469,0.116012601507546,0.334506009209322
0.151534748822241,0.252618148223378,0.101460917991717,0.494386184962663
0.267224724238782,0.109070844696898,0.588554425751889,0.035150005312432
0.367357000979672,0.503942228791253,0.0721563729676534,0.0565443972614216
0.287152392551724,0.0888707108433101,0.591694627290458,0.0322822693145077
0.316262878917128,0.148132254222269,0.472232882389106,0.0633719844714977
0.190368658972176,0.0917515873584021,0.674880733762834,0.0429990199065883
0.154641213734666,0.337243042513716,0.0933456938962013,0.414770049855416
0.421801522596416,0.234483772491104,0.281560455929503,0.0621542489829771
0.334240990246256,0.166025699959221,0.419303748209995,0.0804295615845282
0.291430535997135,0.163621174983083,0.481458599466383,0.0634896895533984
0.411732869804438,0.238932364584327,0.266950031531341,0.0823847340798938
0.500429217824047,0.0935289764543722,0.372215570033359,0.0338262356882217
0.197908884298107,0.4272184478067,0.122807116817317,0.252065551077877
0.222143398354291,0.425720627574464,0.143931689758311,0.208204284312934
0.424549585056578,0.34281382206026,0.11078428877647,0.121852304106693
0.260710072141993,0.305874102975919,0.252557422142556,0.180858402739531
0.186140007566459,0.0885844007716389,0.682275217728653,0.043000373933249
0.312129193377414,0.129584828092597,0.497571490147532,0.0607144883824576
0.257818242269838,0.069397792850488,0.645712300180373,0.027071664699301
0.20823811195502,0.112648162801228,0.621497101650414,0.0576166235933387
0.166670729978943,0.0796387347084032,0.719952533350323,0.0337380019623307
0.154695139343909,0.0670155041344071,0.747194975344975,0.0310943811767095
0.271064693622452,0.247553678744026,0.216214916604917,0.265166711028605
0.0686688936477852,0.15900443668912,0.0377824471250187,0.734544222538076
0.358026808212355,0.24253599222613,0.315379161567029,0.0840580379944857
0.404693317678716,0.205142590720286,0.310319671264133,0.0798444203368654
0.359358630232476,0.325769290082163,0.218377763800047,0.0964943158853143
0.307005862505599,0.311982968659303,0.272933888116234,0.108077280718864
0.154731455658745,0.452174321587122,0.0796778748509532,0.31341634790318
0.0900070696007277,0.0337954163078323,0.862398126088505,0.0137993880029347
0.237974994919977,0.446030877763948,0.105397926094264,0.210596201221811
0.207254024994,0.0757225796737112,0.6871040621337,0.0299193331985884
0.13359389127346,0.404315462968735,0.0635795873929977,0.398511058364807
0.249309267318394,0.163603923290775,0.494898531086548,0.0921882783042826
0.12911856078402,0.326620691501678,0.0606493946998362,0.483611353014465
0.204575932100551,0.0897096770602568,0.663857028670682,0.0418573621685102
0.523542349655288,0.183038380133377,0.21911264777065,0.0743066224406856
0.233509960957869,0.083443538441326,0.647343482989951,0.0357030176108531
0.227619856949631,0.113292240012789,0.60880343295087,0.0502844700867098
0.222658433553443,0.126702827328203,0.588807418003195,0.0618313211151595
0.218325633804346,0.109327714133248,0.629687606772694,0.0426590452897126
0.21924820166052,0.094309893188563,0.640458363008239,0.0459835421426779
0.167386789864183,0.0509634012829043,0.764472393861551,0.0171774149913618
0.557667714857419,0.283982180840072,0.088949387748042,0.0694007165544668
0.23414637865297,0.496850982867423,0.128558467148208,0.140444171331398
0.224387370211931,0.357809747673025,0.170124252705266,0.247678629409779
0.227847298196774,0.577841056511579,0.0815089890158492,0.112802656275798
0.536798961887121,0.196377500383833,0.225927158646238,0.0408963790828074
0.348748905629917,0.147863335013973,0.450615674270259,0.0527720850858506
0.243366230396901,0.560087384849022,0.0946407585387388,0.101905626215338
0.126925385908851,0.305193594250627,0.06995781238272,0.497923207457802
0.322894159827288,0.212317193084329,0.393546856307284,0.0712417907810991
0.165306851818978,0.357402117547863,0.100799295316527,0.376491735316632
0.323750552628714,0.17564782888016,0.434574228344114,0.0660273901470111
0.215332564941109,0.370222796123265,0.148246048644591,0.266198590291034
0.546949573423401,0.0984503383910335,0.322846247490288,0.0317538406952769
0.126055331551422,0.24644533755932,0.0724603847986597,0.555038946090599
0.185034269543052,0.619659746919284,0.0647451860411848,0.130560797496479
0.281155019047204,0.263813002402969,0.270318540544009,0.184713438005818
0.296562322689999,0.243668542397244,0.330873064696103,0.128896070216654
0.557604023356691,0.246792822534285,0.114843512216161,0.0807596418928629
0.125797441060923,0.0461408596304492,0.808854582907232,0.0192071164013962
0.227473592591703,0.115611523319511,0.610720982995667,0.0461939010931198
0.247096945100041,0.439010046931673,0.139662840025218,0.174230167943068
0.398086888040385,0.120935912672716,0.441441061631729,0.0395361376551701
0.242234304486682,0.310379514064385,0.106977061117414,0.340409120331519
0.367561229312901,0.14066786912792,0.447603128652598,0.0441677729065822
0.228815426377982,0.130762799111509,0.568726192243026,0.0716955822674832
0.191897274970072,0.256136333121302,0.139358604969776,0.412607786938849
0.261376595203672,0.143894108305903,0.52937853670407,0.0653507597863553
0.507310156672219,0.252398440888746,0.15084952519858,0.0894418772404547
0.361019947784803,0.288201859516457,0.2346789071557,0.116099285543039
0.247802563920521,0.292107646526653,0.11706017966459,0.343029609888236
0.565177928381497,0.076513053007201,0.334582596983326,0.0237264216279762
0.299819920478947,0.135083045842788,0.508361805379021,0.0567352282992445
0.252679521322621,0.342212633833337,0.104217044702973,0.300890800141069
0.223654383308152,0.128180599141783,0.580383440492467,0.0677815770575977
0.288655324814901,0.384060891749135,0.104123807334141,0.223159976101823
0.137019597892386,0.0356436433649892,0.815635916838449,0.0117008419041754
0.243788965767416,0.51238937957631,0.110345968418795,0.133475686237479
0.380486895159625,0.185845015254626,0.348229124057448,0.0854389655283017
0.337455763515013,0.42012622592211,0.154655483020139,0.0877625275427375
0.0596630690751091,0.0186819851849067,0.914616074755272,0.00703887098471197
0.299979886422709,0.220538407783204,0.295033539767116,0.18444816602697
0.624122407567735,0.101651425789688,0.240404433634837,0.0338217330077401
0.29820624707313,0.326238706848036,0.253963854775118,0.121591191303717
0.0652844739162814,0.149436703281194,0.0356877536993927,0.749591069103132
0.256280462626662,0.12953291215317,0.560792770539195,0.0533938546809728
0.280748350928918,0.148274693457155,0.481893477728269,0.0890834778856582
0.432284679148435,0.149751930778305,0.3555005333901,0.0624628566831597
0.118034004137703,0.189882713042332,0.0632006392674341,0.628882643552532
0.331925568969817,0.20109917868596,0.383706774427803,0.0832684779164189
0.318171369663599,0.165584880906957,0.436090900020496,0.0801528494089484
0.402694119176955,0.412489187737042,0.126799621259317,0.0580170718266865
0.42195376259964,0.209616065878835,0.315748682040902,0.0526814894806224
0.324076239657745,0.143233852922018,0.465411803859377,0.0672781035608604
0.258583116775968,0.466077426825775,0.140812457355235,0.134526999043021
0.329023766850748,0.432411927926924,0.147683586961078,0.0908807182612491
0.191814733277674,0.0674575310356741,0.713554305092334,0.0271734305943187
0.182030587507791,0.0840923318714173,0.692506826842002,0.0413702537787892
0.317349370740665,0.205982521088007,0.330205412019981,0.146462696151347
0.268990945079624,0.127727221695381,0.537590714246088,0.0656911189789067
0.382859437923677,0.283502450821831,0.24372038939176,0.0899177218627319
0.0228914919297222,0.0649928849592497,0.0106415836275083,0.90147403948352
0.234909157738017,0.102330273741387,0.627678735603693,0.0350818329169027
0.379114880330118,0.197784410443436,0.315795206906993,0.107305502319453
0.107392491809519,0.510568225677424,0.04641627539126,0.335623007121797
0.1125028798092,0.281978383377507,0.0581562729771627,0.54736246383613
0.245007365582117,0.132260220586972,0.554475653509568,0.0682567603213432
0.379547350373694,0.172660409085629,0.349208008958898,0.098584231581779
0.239636186163048,0.577962546861757,0.096296110729846,0.0861051562453486
0.922733114336485,0.0362610533729647,0.0332520645800319,0.00775376771051854
0.190470107243145,0.0922677144969472,0.671594843292381,0.0456673349675268
0.078944133215217,0.174276728900646,0.0438521972374854,0.702926940646652
0.0865143358985138,0.172071489579617,0.0430926142961034,0.698321560225766
0.171481696911397,0.0662806019862848,0.73620419595343,0.026033505148888
0.26724651168011,0.103362165953287,0.589556890455337,0.0398344319112664
0.438005854353693,0.173868632066279,0.329118317950775,0.0590071956292531
0.786780590049668,0.0892482079458754,0.104418184904973,0.0195530170994828
0.278782989923505,0.486027790054259,0.115522114329094,0.119667105693142
0.123233202051996,0.191613731722866,0.0707612344996665,0.614391831725471
0.215709168968579,0.390952791368588,0.115463514910135,0.277874524752698
0.49911487208185,0.137659250527564,0.318518286222771,0.0447075911678152
0.340157826799012,0.276254094052499,0.173647707959536,0.209940371188953
0.4780262671309,0.40436826328181,0.0726926356162186,0.0449128339710716
0.311926381612199,0.406355726441651,0.124803617381527,0.156914274564622
0.404632524543173,0.243692949629628,0.202361907684045,0.149312618143154
0.292175240703592,0.129577948704457,0.517729547565265,0.0605172630266863
0.469290212605371,0.145312133068354,0.331753363440206,0.0536442908860688
0.0794477452401292,0.146577739597784,0.0425603905432748,0.731414124618812
0.200394524912059,0.421583236087587,0.111271849124823,0.266750389875531
0.276071427938305,0.167747336691024,0.449561455919404,0.106619779451267
0.577916981988766,0.147001555169851,0.216782842431014,0.0582986204103687
0.248883586833998,0.571220031685923,0.0851647426844482,0.0947316387956309
0.455671454833361,0.268008078077618,0.173260097288492,0.10306036980053
0.386336892728813,0.289751908073405,0.253027210978602,0.070883988219179
0.216793086483506,0.36539026791559,0.0967385192534914,0.321078126347413
0.337006543210989,0.323091461293668,0.197591943637849,0.142310051857494
0.255642905715376,0.256261905444107,0.283752761610003,0.204342427230514
0.263454803141645,0.179058731996467,0.456437821717927,0.10104864314396
0.0288967227779358,0.0711118205084058,0.0145364483642643,0.885455008349394
0.210071489674423,0.114355934401595,0.618253060174543,0.0573195157494393
0.149111937094924,0.263516114953546,0.0993628651856502,0.48800908276588
0.255049419178411,0.144310442335765,0.530902173418438,0.0697379650673866
0.165285471926493,0.0657797686103682,0.742387929601044,0.0265468298620949
0.214278015590724,0.479665471001321,0.0660713304317916,0.239985182976163
0.175338102502081,0.256863848550002,0.0899638184450599,0.477834230502857
0.133941389271174,0.0531306224170766,0.788368854492594,0.0245591338191555
0.334766004703014,0.238636422044679,0.307110732679097,0.119486840573209
0.256927269779254,0.152692936597477,0.525331767129125,0.0650480264941451
0.276900074585104,0.430744928524306,0.156942176747328,0.135412820143262
0.497246218834148,0.323951131498985,0.0927547804861416,0.0860478691807252
0.15703656002367,0.318071728095351,0.0653728291046314,0.459518882776348
0.172745688895559,0.37422292950312,0.0818219192185129,0.371209462382808
0.125844425532892,0.27516811781514,0.0750226375485452,0.523964819103424
0.46130419829423,0.296220907289583,0.122639442861237,0.119835451554951
0.212795407114819,0.276316163474991,0.168409577166945,0.342478852243245
0.24023408295085,0.453076261877222,0.115698628008602,0.190991027163326
0.297245496864326,0.143762093195118,0.510705338581487,0.0482870713590681
0.078949929083228,0.185558258864618,0.0389308086431921,0.696561003408962
0.142335976640782,0.0601543271045249,0.77073503162988,0.0267746646248133
0.627101744495921,0.158962304693891,0.157264614558118,0.0566713362520703
0.214180259074864,0.351782633116089,0.156779220651215,0.277257887157833
0.237728071469787,0.274123248648321,0.226091686917368,0.262056992964524
0.194125653205558,0.483009403694607,0.10942547995369,0.213439463146145
0.480443989793004,0.305756858442282,0.157289370617231,0.0565097811474823
0.143366504509529,0.246954877324443,0.0709546862084245,0.538723931957604
0.421548709337263,0.118540158995203,0.413535212225915,0.0463759194416196
0.3497891171528,0.311102404751314,0.253280593386874,0.0858278847090123
0.36652474864592,0.389208676935918,0.17125593789146,0.0730106365267026
0.307996942066719,0.310776928833993,0.252782882202686,0.128443246896602
0.273329132337058,0.447266104485043,0.144925449855166,0.134479313322732
0.58517988934802,0.0730707347374917,0.322739927215835,0.0190094486986537
0.62016662320831,0.175791226617567,0.161191062907522,0.0428510872666009
0.38258132668924,0.260961671265127,0.211913492657904,0.144543509387729
0.469955544735095,0.117199998620081,0.373219582035355,0.0396248746094696
0.194611420032201,0.241914059651538,0.135218785297795,0.428255735018466
0.671207672022459,0.0868074902231365,0.214828712854702,0.0271561248997023
0.314148773954672,0.455563961417003,0.146050025343946,0.0842372392843789
0.319229200935795,0.20941279396236,0.312308567191312,0.159049437910533
0.180806762036127,0.544415578049773,0.0623665249534491,0.212411134960651
0.22993714235474,0.122079281184376,0.58665475601339,0.0613288204474946
0.442994494849209,0.319020661550459,0.117017952371754,0.120966891228579
0.204319050584759,0.0853332531389735,0.676945568984927,0.0334021272913402
0.0744289895626672,0.164395726349393,0.0374327936717532,0.723742490416186
0.278042152989073,0.152260226605881,0.494222328076299,0.0754752923287474
0.487737756522753,0.151958449872582,0.321932668468562,0.0383711251361029
0.383330987077587,0.182489671354288,0.352048292250603,0.082131049317522
0.233820143882057,0.14099487948348,0.546876321495471,0.0783086551389911
0.587821889248314,0.165366874500572,0.197503361205718,0.0493078750453958
0.361809979047477,0.211775426005645,0.280296198582806,0.146118396364072
0.153728946875716,0.343253231713482,0.0897529933164651,0.413264828094337
0.144526959337191,0.23767130424659,0.0970431887345386,0.520758547681681
0.176189924818218,0.644351022780619,0.0708416967184162,0.108617355682747
0.211060880276301,0.247138961654878,0.157716931172819,0.384083226896002
0.522653335134782,0.161026132031394,0.257456287736603,0.058864245097221
0.332286701199928,0.194248602132212,0.354721393951002,0.118743302716858
0.340517633215907,0.518427566970949,0.0862744179738323,0.0547803818393124
0.0919351853993001,0.0334241493015561,0.860619292044773,0.0140213732543708
0.27515081742722,0.273887135033497,0.228293668468645,0.222668379070637
0.12535475858807,0.0496673748498706,0.803176607497446,0.0218012590646132
0.257683012261135,0.14588421049344,0.510357555264865,0.0860752219805601
0.0370396650717088,0.933189510529689,0.00927517509240649,0.0204956493061954
0.139601947088328,0.298998877227768,0.0771759316784446,0.484223244005459
0.336160513952447,0.305094208534854,0.265815178301729,0.09293009921097
0.257753629480058,0.3578357116354,0.201723904061752,0.182686754822791
0.101724896091521,0.222359135543895,0.0595529383991485,0.616363029965436
0.108980019429925,0.637558517281529,0.0453045251957928,0.208156938092754
0.424469716056449,0.28660808504838,0.176761589064264,0.112160609830908
0.374279499539729,0.382891648896966,0.118626714186965,0.124202137376341
0.117571179459198,0.21477222367112,0.0706466448527183,0.597009952016963
0.0550840600498148,0.121482682115208,0.0293612483796403,0.794072009455337
0.30228657677096,0.0931622182440102,0.56805234642733,0.0364988585576996
0.225530300311711,0.454427649832014,0.0887206731937851,0.23132137666249
0.350945515663482,0.152994755850583,0.411313602929591,0.0847461255563448
0.23235253592542,0.332496262063285,0.19115350749487,0.243997694516425
0.468422574162567,0.253224404005689,0.223717743936483,0.0546352778952606
0.115082581612327,0.210722359176498,0.0718183211035934,0.602376738107582
0.356592452636356,0.334644911489685,0.226239871087987,0.082522764785973
0.361495941600399,0.0857087947843659,0.521294603781618,0.0315006598336166
0.0327591555920194,0.00882436705486861,0.955087910148335,0.0033285672047769
0.22408064780154,0.364253604887937,0.0917549694168819,0.319910777893642
0.169411810612832,0.343568439240219,0.0737427962023911,0.413276953944558
0.270062694455613,0.274672909529217,0.297645494107142,0.157618901908029
0.511129842635972,0.237657776981263,0.164688085516924,0.0865242948658415
0.425246983954346,0.178659640783702,0.303638059681873,0.0924553155800795
0.1147992321193,0.23602366465827,0.0691045529069539,0.580072550315476
0.213694103288348,0.435206597488416,0.130872363693894,0.220226935529342
0.163336374115834,0.500453457042887,0.0797240317787503,0.256486137062529
0.240406259557161,0.510517415591384,0.0662435783670106,0.182832746484445
0.319823074287229,0.329957442927631,0.241992833543549,0.108226649241591
0.389066589124048,0.235134739443878,0.304555745301236,0.0712429261308385
0.418939720696475,0.219251955787925,0.303134683897469,0.0586736396181307
0.273681533078631,0.35596871294922,0.220526834419241,0.149822919552908
0.420485022983024,0.217242293838427,0.258411089713093,0.103861593465456
0.198636159342483,0.0970378783542048,0.655762962397183,0.0485629999061293
0.334306436531288,0.212026074063039,0.296539881279965,0.157127608125707
0.353324594929875,0.410794730923097,0.14055779479477,0.0953228793522578
0.192143168810453,0.0768178772742654,0.70331570624439,0.0277232476708918
0.0863404750940381,0.161592913491179,0.041853579895851,0.710213031518932
0.188798790660247,0.267788857955339,0.129962235609487,0.413450115774927
0.232125464894437,0.108651787943597,0.618972618348846,0.0402501288131206
0.108165919692039,0.426183379697214,0.0510187877904219,0.414631912820325
0.459640292670128,0.353797593419385,0.110338786693741,0.076223327216745
0.0581052237117829,0.14829968595499,0.0305516660525897,0.763043424280638
0.824961015678924,0.0728858938498583,0.0865781305188354,0.0155749599523824
0.11892830955889,0.590912891496956,0.0397775972894329,0.250381201654721
0.257265961006058,0.0826891939603679,0.622560004007991,0.0374848410255829
0.45185647616811,0.212898567854682,0.268047767056921,0.0671971889202871
0.0946354783543499,0.269603284750907,0.0434681134785132,0.59229312341623
0.217397661665639,0.479685497728567,0.118270656934762,0.184646183671032
0.180591812747733,0.0790069922695213,0.701310619770542,0.0390905752122031
0.408193239923267,0.346573746247323,0.172982246867023,0.0722507669623876
0.348591184069594,0.28527476060119,0.268277627920095,0.0978564274091212
0.557034847947869,0.319988007618997,0.0701344047457545,0.0528427396873794
0.322163192175587,0.0839541496557927,0.569457966014086,0.0244246921545342
0.286122736940786,0.139460496280094,0.506000419493287,0.068416347285832
0.123116373778363,0.0369015328368921,0.824618389051522,0.0153637043332225
0.328040159530974,0.285761050617852,0.289946587004945,0.0962522028462294
0.178905154522883,0.271548942618225,0.122649169829635,0.426896733029257
0.402888643546923,0.277409483966446,0.239390025801156,0.080311846685475
0.163956090397435,0.0782734048143058,0.723499219256843,0.0342712855314163
0.185399311792692,0.0692155771928051,0.714264662655237,0.0311204483592659
0.0481460955220857,0.0166151940921174,0.928639292925854,0.00659941745994328
0.267359747410369,0.551415210594976,0.0887192199399826,0.0925058220546721
0.242061643226895,0.267610336561862,0.237612776020518,0.252715244190725
0.227567972235299,0.295072851785358,0.19978224087758,0.277576935101762
0.274405052636941,0.189823093932214,0.405746663600336,0.13002518983051
0.260732727360528,0.192228301933916,0.423145021434068,0.123893949271488
0.12102990495692,0.27620012994192,0.0631439593138138,0.539626005787347
0.20784195450465,0.0868790433458224,0.669702958144229,0.0355760440052991
0.180462189218459,0.440070953009263,0.0980257736833376,0.281441084088941
0.186889273494831,0.0896455559306342,0.685370125669773,0.0380950449047617
0.406707628354396,0.266437842557905,0.229921780707955,0.0969327483797435
0.557463315260331,0.160159915850238,0.216859281337115,0.0655174875523152
0.259900531067318,0.145971113033244,0.523962787642442,0.0701655682569952
0.025019097163094,0.0558116154124624,0.0128708082315026,0.906298479192941
0.159539393857894,0.496275326651089,0.0713421533328451,0.272843126158171
0.198318206578577,0.553866205576135,0.0686903567749861,0.179125231070302
0.261121192151327,0.496244963346178,0.129461376050568,0.113172468451927
0.132455107123708,0.210154400539018,0.0813765036952937,0.57601398864198
0.289598904357557,0.364624796250658,0.212400114395989,0.133376184995796
0.431258285613706,0.189422519012553,0.287586903627169,0.0917322917465725
0.402614029713258,0.217687397309524,0.248594675843934,0.131103897133284
0.295139804184335,0.145355050322719,0.483160374797248,0.0763447706956971
0.185814897771359,0.0874999147117948,0.687038186767994,0.0396470007488522
0.22759700635243,0.109222740941113,0.60723145070488,0.0559488020015767
0.185578392140278,0.34861341374533,0.101123417579382,0.364684776535009
0.400099054577754,0.2875685821785,0.212676389411953,0.0996559738317923
0.617567254289964,0.162494019064198,0.171868310403518,0.04807041624232
0.244810877025832,0.423708362578728,0.133072812406604,0.198407947988836
0.415137530308563,0.203107150513256,0.267970839979674,0.113784479198506
0.308068531635257,0.340640221837533,0.21013727187211,0.141153974655099
0.162757804213752,0.0762611885932653,0.724817598112013,0.036163409080969
0.221248222290103,0.431029542985899,0.126455988111488,0.221266246612511
0.15226209886625,0.0540330873935143,0.771200802551272,0.0225040111889636
0.151312074055555,0.232093885541743,0.102490613888465,0.514103426514237
0.199676752631436,0.0998279134191264,0.649722895430316,0.0507724385191212
0.140780895170775,0.224379363479379,0.0819005506548653,0.552939190694981
0.232762138565474,0.0879020417060998,0.638891380855563,0.0404444388728626
0.259523097753932,0.129330644327332,0.564450124467218,0.0466961334515182
0.0514939479467231,0.0170558715711456,0.924624849419551,0.00682533106258086
0.575006060991163,0.228276165248701,0.147991654746438,0.0487261190136974
0.279200612361105,0.401505920811629,0.115057786516244,0.204235680311022
0.242199160229806,0.475645662596795,0.108543649390931,0.173611527782467
0.209659246725424,0.0894552386160374,0.661349852111637,0.0395356625469009
0.234064341440635,0.136015663514717,0.55367532442257,0.0762446706220782
0.454018551044532,0.27917350289555,0.185793918151745,0.0810140279081733
0.455699083921274,0.302828298815255,0.180431375529738,0.0610412417337329
0.256999327815914,0.247835281756801,0.210531910210626,0.284633480216659
0.178373224029304,0.236266974520727,0.115472311905464,0.469887489544506
0.675452578562758,0.172860056578781,0.103082454175479,0.0486049106829825
0.282530959031291,0.133445690243323,0.527049863357301,0.0569734873680847
0.351212822359137,0.16419779320418,0.390215063632541,0.0943743208041417
0.220485841189702,0.0878810802362769,0.649633354994702,0.041999723579319
0.280326912167784,0.264207755089666,0.322749665559526,0.132715667183024
0.260497550234493,0.119525641374592,0.556605265303954,0.0633715430869602
0.0566067171848802,0.159573490472859,0.0278901714563932,0.755929620885868
0.104535775752368,0.757563104074964,0.0339705658462517,0.103930554326416
0.319653276727631,0.149367266641847,0.445807359405999,0.0851720972245229
0.311442143137136,0.360358699329384,0.216394970208864,0.111804187324616
0.219591143947832,0.313303824867989,0.0951171447122176,0.371987886471962
0.270428153079176,0.518639729294773,0.0971847697287248,0.113747347897325
0.198229667948061,0.359977554687342,0.092831598171624,0.348961179192974
0.303746172231521,0.151046974786166,0.468707285710195,0.076499567272118
0.175231715827809,0.0816387798331099,0.702838515417336,0.0402909889217448
0.242290666807266,0.136613633439488,0.555090804879836,0.0660048948734096
0.11077946480339,0.827974735797639,0.0267050446743357,0.0345407547246353
0.204973287820216,0.103232536995452,0.638102064447886,0.0536921107364456
0.442505577356833,0.180096679070407,0.314787180796909,0.062610562775851
0.13426592829158,0.0541868316508073,0.786454956349234,0.025092283708379
0.320198841397706,0.267257730156454,0.320583047942845,0.0919603805029955
0.364267492526294,0.376768501994418,0.107781294097991,0.151182711381297
0.28795085781157,0.4080105189944,0.182881065088418,0.121157558105612
0.420180954561403,0.294499023441179,0.166837459570829,0.11848256242659
0.349066565867049,0.07127447190805,0.558451457198754,0.0212075050261466
0.294903478367946,0.306038565833586,0.199360627045155,0.199697328753314
0.2819053467132,0.322132938897247,0.25006922284018,0.145892491549374
0.26858256372485,0.0967604298944627,0.597709864480613,0.036947141900074
0.39984262658302,0.14411278366737,0.389649057664803,0.0663955320848072
0.25825313563638,0.345832383667169,0.142494358134263,0.253420122562187
0.329533883961268,0.531099551537024,0.0702161231452454,0.0691504413564629
0.250146582576796,0.43447933618915,0.0864097697398059,0.228964311494248
0.801364960341998,0.0818783735374866,0.0942050065160259,0.0225516596044897
0.439746234000177,0.322680150316542,0.116665323256869,0.120908292426412
0.599080678615879,0.121400447459487,0.235298416960542,0.0442204569640922
0.476338480423546,0.273178750636476,0.13328715421343,0.117195614726548
0.0686701877841647,0.247270313853707,0.0307465265542558,0.653312971807873
0.401815973249318,0.153720914002607,0.374943863884968,0.0695192488631059
0.217397604502772,0.357291022019497,0.0868665892616367,0.338444784216095
0.494322083052706,0.142427036371379,0.311817825042027,0.0514330555338873
0.0840202473217689,0.395826996564542,0.0327505662493579,0.487402189864332
0.382733131086802,0.234950883816483,0.242571821273497,0.139744163823219
0.313804178384422,0.185540983140377,0.376084869299359,0.124569969175842
0.241838509771852,0.118044159646088,0.592830715350944,0.0472866152311168
0.193240190502512,0.082636417814811,0.684554959759162,0.0395684319235145
0.233899583281072,0.134531906272592,0.57391108796408,0.057657422482256
0.415009565968971,0.193444920585973,0.281185350454185,0.110360162990871
0.327607838777048,0.452001492198838,0.0960319064967208,0.124358762527393
0.235591683035577,0.296363827981645,0.154250609862262,0.313793879120517
0.213830253837434,0.557561354613285,0.0758633820703275,0.152745009478954
0.155170713864618,0.332105934481125,0.0859656913331637,0.426757660321093
0.297245718602015,0.252464428254733,0.34096922702067,0.109320626122581
0.368095862093802,0.293358653857045,0.263201289341516,0.0753441947076365
0.0551129236998403,0.108261957848954,0.028492600434324,0.808132518016882
0.293660846084629,0.126785414528972,0.539962673398978,0.0395910659874212
0.270345326596708,0.124032341536179,0.54473611271886,0.0608862191482529
0.258031449338609,0.100753124618374,0.601779567343873,0.039435858699143
0.248316252757652,0.26500915603489,0.218266218579346,0.268408372628111
0.143998555709376,0.26412194256365,0.091168413812059,0.500711087914915
0.175035783324027,0.246002575538105,0.123044353462443,0.455917287675425
0.214627855700981,0.0708446389098697,0.691292010004295,0.0232354953848553
0.204639280158251,0.0766659159907099,0.690321336271229,0.0283734675798101
0.177281334809431,0.339342205896504,0.112669744868305,0.370706714425759
0.216354261967374,0.47609647479875,0.108153634308766,0.19939562892511
0.317648579723233,0.247312855531482,0.219457468010499,0.215581096734786
0.360252429196038,0.185348717239269,0.339661537196307,0.114737316368386
0.177084934952818,0.0857702558934996,0.695456172290767,0.0416886368629153
0.22044886245217,0.108429519964237,0.629784600850242,0.0413370167333511
0.131260555780503,0.275495798424411,0.0769170548534312,0.516326590941656
0.265476182650743,0.397330673237038,0.184202219638473,0.152990924473746
0.253753931853379,0.382433772053418,0.113595216789001,0.250217079304202
0.386992454129773,0.24892926811639,0.252492240292752,0.111586037461085
0.123576491682787,0.274742073680904,0.0630386720327966,0.538642762603513
0.31200586064874,0.172915414775939,0.43036401869249,0.0847147058828303
0.188210118612805,0.27441077189243,0.0989563474127217,0.438422762082044
0.313061992285726,0.13322198635476,0.487083736924826,0.0666322844346875
0.23460757713218,0.362825686867897,0.169606818894617,0.232959917105306
0.320518061194371,0.417572234248716,0.120966754278939,0.140942950277974
0.434747727746496,0.21305462668563,0.236910925569774,0.115286719998101
0.208229230934857,0.0642834255919151,0.699271210337621,0.0282161331356063
0.396507585695535,0.21959341150844,0.246455083626651,0.137443919169374
0.330236696242524,0.31632630994288,0.190315613355267,0.163121380459329
0.446639542759767,0.269312828205126,0.221941949165387,0.0621056798697199
0.235322426901874,0.0948893023247062,0.628872463350728,0.040915807422692
0.445817565466918,0.280785172729024,0.140882918409695,0.132514343394363
0.298936906353389,0.17573305150879,0.435975119343261,0.0893549227945594
0.158425619997153,0.267950527811603,0.109026052954865,0.464597799236379
0.252498114125058,0.152007307150031,0.504819870827734,0.0906747078971767
0.215975085221302,0.365407789109559,0.149008084014032,0.269609041655107
0.0793588103416574,0.241148240412774,0.0354145711217621,0.644078378123806
0.339088030578077,0.272293805915683,0.282785102448182,0.105833061058058
0.0728551164980961,0.162614522599543,0.0326404658356207,0.73188989506674
0.401451829700018,0.136377029377927,0.409237229057541,0.0529339118645142
0.261706553956761,0.42486326750616,0.136535165329818,0.176895013207261
0.371596135231127,0.0909361691549742,0.501650150028533,0.0358175455853661
0.895443986065892,0.0626444911044239,0.0311123500944037,0.0107991727352804
0.257551183260123,0.274564466602158,0.276592119426609,0.19129223071111
0.353984884417931,0.485096080101786,0.0846998700855669,0.0762191653947162
0.198772033589458,0.606404783377017,0.0790850483806922,0.115738134652833
0.147225201402902,0.522586309055945,0.0724801784146911,0.257708311126462
0.273692062686371,0.132114378863042,0.534126666281855,0.0600668921687319
0.871549925601779,0.0678763262737786,0.046495915756216,0.0140778323682267
0.244494477886601,0.148793813410053,0.523704912637905,0.0830067960654416
0.19084120533398,0.0792594704898671,0.692074408859881,0.037824915316272
0.152856392920275,0.220079937675254,0.0975624435040486,0.529501225900422
0.0826958433850038,0.835427620309606,0.0217019934640822,0.0601745428413078
0.379294408059946,0.313235312910471,0.143020655303687,0.164449623725897
0.166071586980411,0.262091502546801,0.0817168088360496,0.490120101636739
0.294710273071811,0.141143784729298,0.485386634330285,0.0787593078686058
0.0913959305218734,0.226504104692111,0.0464027210922564,0.63569724369376
0.326113033646793,0.177729703291942,0.400481463716599,0.0956757993446668
0.171396341675842,0.243148246290445,0.12258213258456,0.462873279449152
0.317448232772697,0.373179640446675,0.207293922555917,0.102078204224711
0.311224594151143,0.246649733295004,0.232311188848904,0.20981448370495
0.109396595951772,0.734455224781509,0.0423304200319967,0.113817759234723
0.397139748632384,0.244299863039093,0.201273317218791,0.157287071109732
0.501496592995612,0.266652260140327,0.128734002494453,0.103117144369608
0.164918364420021,0.618160547739272,0.0502288539448737,0.166692233895833
0.153766139876101,0.585572913481045,0.0699644284019199,0.190696518240935
0.113220037422147,0.763636011866709,0.0399807344007107,0.0831632163104335
0.404516724406406,0.20968362250438,0.270442139726347,0.115357513362866
0.289133512541409,0.359788862413086,0.208946710247987,0.142130914797518
0.34978567784568,0.195311664123726,0.377977888022611,0.0769247700079828
0.307865521452094,0.239178116787573,0.23996003354922,0.212996328211113
0.511185794350832,0.152433381940277,0.276736825958509,0.0596439977503819
0.138471624643526,0.537154952220461,0.0646417074265392,0.259731715709474
0.127268535705239,0.307635148603365,0.0734960650939779,0.491600250597418
0.534060758123713,0.190714543466282,0.232988342063238,0.0422363563467667
0.256032508072173,0.387184978888707,0.17346359891084,0.18331891412828
0.212929996833091,0.521205486835376,0.105143214391455,0.160721301940077
0.339127121960862,0.326755901477795,0.24375570411453,0.0903612724468131
0.168654321109983,0.30194081096381,0.108649901253313,0.420754966672894
0.367418048048729,0.160259293419727,0.409831786647695,0.0624908718838494
0.287770810783819,0.0878472272876957,0.590781874192958,0.033600087735527
0.154813190012307,0.267806727841355,0.102782154660031,0.474597927486306
0.225117932819229,0.0918235521622663,0.6388862704989,0.0441722445196047
0.164040532097861,0.246755892503997,0.102787173703637,0.486416401694505
0.2767263977202,0.119178349147018,0.556296448622046,0.0477988045107355
0.411127064353989,0.215686850913051,0.288636303219738,0.0845497815132227
0.447275385930747,0.121713779403728,0.38876771182733,0.0422431228381953
0.251228034940974,0.369979372149722,0.163033375765149,0.215759217144155
0.0965234518916495,0.166613947649761,0.0536426629238796,0.68321993753471
0.232264765381029,0.129497035447117,0.567564057151349,0.0706741420205047
0.356017831335736,0.38588446929278,0.157421884310201,0.100675815061282
0.20225093012595,0.509406079184599,0.110549834853346,0.177793155836104
0.38631863582141,0.21855611240586,0.257764603618033,0.137360648154697
0.360975588637681,0.218808926856879,0.264845511271984,0.155369973233456
0.215593769698585,0.0827575250407166,0.665766895191286,0.035881810069412
0.171270293745421,0.350918286627625,0.0817832959628039,0.396028123664151
0.0426279560444808,0.0986040679171497,0.0212787054515725,0.837489270586797
0.323356383856981,0.267852860342761,0.187339700640576,0.221451055159681
0.215766170543042,0.55526339996999,0.0568749818117864,0.172095447675182
0.256532521674777,0.300703749663088,0.118911448871473,0.323852279790662
0.427015639207711,0.218680061476134,0.245474778174505,0.10882952114165
0.172649040014802,0.0760518970544146,0.715181165037032,0.0361178978937513
0.280079048015292,0.291628783770911,0.275546499699346,0.15274566851445
0.14184358186327,0.328501315711196,0.0806118016854996,0.449043300740034
0.274273695993216,0.182718020425596,0.426525691870015,0.116482591711172
0.240494606443791,0.0828737375577514,0.640993852343028,0.035637803655429
0.139280966517038,0.211721453269549,0.0741002881209311,0.574897292092482
0.249599918592381,0.338295247280122,0.101582002069716,0.310522832057781
0.0120977349518293,0.0356745760932988,0.00571302067305039,0.946514668281822
0.0966043546844497,0.827013774802361,0.0260624281073896,0.0503194424057996
0.185657733992367,0.256548751940139,0.0978674329807197,0.459926081086774
0.0741668870185779,0.142130494643214,0.0424697783109596,0.741232840027249
0.31550754760492,0.447874454250572,0.086134649646857,0.150483348497651
0.0530357416860132,0.0151165484653008,0.926183965503949,0.00566374434473731
0.28085480697341,0.206455243604088,0.419960907831817,0.0927290415906853
0.191464336010304,0.100063457850417,0.660308670072682,0.0481635360665967
0.12528620575274,0.412666694319173,0.0631235792738896,0.398923520654197
0.215867827466609,0.471178589288698,0.0990040361664156,0.213949547078277
0.152116473037076,0.568594297201485,0.0660746919661861,0.213214537795253
0.153328373970831,0.0521437216031066,0.772238335010399,0.0222895694156636
0.34603624764971,0.287724302760113,0.160652655658997,0.20558679393118
0.303786487693899,0.108336770326813,0.555310018422514,0.0325667235567736
0.21705724127644,0.118527147905219,0.611622689022383,0.0527929217959585
0.246227249332997,0.468142582239138,0.140620903427688,0.145009265000177
0.383762196652236,0.167241640736408,0.382079171073505,0.0669169915378515
0.142081427222577,0.213261981527915,0.0757604237859685,0.56889616746354
0.289111563188827,0.1552577420203,0.480506110584432,0.0751245842064408
0.368473797517505,0.176837568259887,0.350409822361445,0.104278811861164
0.566866674229395,0.137725920292076,0.252121908105895,0.043285497372634
0.33283214068397,0.217050441541817,0.359763032727088,0.090354385047125
0.155907370743285,0.392891719232855,0.0827994100154613,0.368401500008399
0.153928444107186,0.0603082585650531,0.759530798017196,0.026232499310565
0.324331188097302,0.271211771402214,0.312205676933133,0.0922513635673503
0.285707881843481,0.154355188963494,0.494093961070018,0.0658429681230074
0.315046685411982,0.267117943985979,0.180491063893963,0.237344306708077
0.0435359203991687,0.120896928821115,0.0192748743849802,0.816292276394736
0.118717932937319,0.241176042763273,0.0707389605862547,0.569367063713153
0.43421188627382,0.2356383655254,0.218909114592996,0.111240633607784
0.269518533439666,0.341047515056293,0.171446633110366,0.217987318393676
0.132323920781312,0.200295590986156,0.0781177355130769,0.589262752719455
0.214280198742371,0.296360919873961,0.100137918542802,0.389220962840867
0.172981595371723,0.0568142251398688,0.745868802473451,0.0243353770149563
0.0957093714670126,0.380045917972507,0.0402580035154392,0.483986707045042
0.475784124749383,0.285013161110531,0.124956283657695,0.11424643048239
0.172967647702381,0.290611596182907,0.112987033327227,0.423433722787485
0.194411798198579,0.735333059006537,0.0360659053258965,0.0341892374689871
0.193556209291087,0.0910731789339365,0.670789729172164,0.0445808826028128
0.411860655399065,0.189040795461521,0.305986545009817,0.0931120041295975
0.797294168247433,0.114580000415549,0.0672767907269262,0.020849040610092
0.290631418048929,0.425598301766637,0.148402429066896,0.135367851117538
0.321229344886897,0.38968220337117,0.174846260675579,0.114242191066354
0.250355685247452,0.117373835918666,0.580295769089468,0.0519747097444144
0.285894559582702,0.11247911019087,0.548191090960238,0.0534352392661894
0.329219085076185,0.152884574622985,0.457816630436204,0.0600797098646256
0.0983233957822752,0.174903578948784,0.0585157785449136,0.668257246724028
0.297748453918054,0.120608453699,0.518652090348266,0.0629910020346801
0.179757940000628,0.234711353505669,0.113807951700551,0.471722754793152
0.17171851320338,0.425792158858797,0.0959675242513654,0.306521803686457
0.115729963034295,0.631724695872594,0.0390475059660464,0.213497835127065
0.424400010388913,0.398880477053074,0.0820141926591539,0.0947053198988594
0.203366839758916,0.575724047767358,0.0922369819713175,0.128672130502409
0.599865498847672,0.167053043392597,0.189167445158014,0.0439140126017168
0.148190747448104,0.295785335000814,0.0675273242666093,0.488496593284472
0.107436430688568,0.270003226941048,0.0555842306075912,0.566976111762793
0.254625910303369,0.259086486139658,0.278330632131458,0.207956971425515
0.256340562497255,0.344273185888809,0.207112803869173,0.192273447744764
0.23488596316461,0.0978065634015853,0.630658053184281,0.0366494202495241
0.169402112424477,0.252104036953207,0.115221472746994,0.463272377875322
0.254635544341546,0.152896541620528,0.508843283026117,0.0836246310118087
0.2657281733504,0.270165622042586,0.205162868571834,0.258943336035181
0.393643759119872,0.387297976677218,0.10527137058202,0.113786893620891
0.253543760893686,0.410614168413959,0.0833787328122715,0.252463337880083
0.235115702929272,0.133815686448483,0.561607589028958,0.0694610215932873
0.296522656408157,0.437485652521106,0.157930438583715,0.108061252487022
0.0675588869946327,0.22436005969524,0.0306246100611538,0.677456443248973
0.317962319606715,0.154201496430324,0.46676633914575,0.0610698448172097
0.149451034838427,0.237892496815774,0.0960584805514573,0.516597987794342
0.182756422151849,0.069205715070371,0.715266009791586,0.0327718529861943
0.328637175097663,0.279574838587916,0.211716957985537,0.180071028328884
0.252379076662558,0.161932626464989,0.487567711151763,0.0981205857206894
0.308478508523629,0.430439585359761,0.13365078135587,0.127431124760739
0.0766591469233641,0.194527303606697,0.04090985394192,0.687903695528019
0.0931879207112482,0.1647570421541,0.0496478677845216,0.69240716935013
0.413940688540015,0.353542698753247,0.158532423589495,0.0739841891172429
0.146551785008159,0.0594550016567626,0.767193508919366,0.0267997044157131
0.396972435262161,0.125746250960501,0.424349738556045,0.052931575221294
0.168955703494919,0.572855827500876,0.0816969117729971,0.176491557231208
0.349173618088242,0.170173887019083,0.422399032546539,0.0582534623461362
0.224693536710316,0.542151712094856,0.102749599192655,0.130405152002172
0.323934064801082,0.280684740485922,0.301361644107779,0.0940195506052163
0.437764016886154,0.213762956592789,0.245753162859746,0.102719863661311
0.229516913241503,0.0685463311209079,0.673369957383099,0.0285667982544908
0.357904230006507,0.0825651376444551,0.530501770614914,0.0290288617341245
0.185335922463229,0.360255033376535,0.0903724263651991,0.364036617795037
0.383014326627648,0.321873748711987,0.208271409861133,0.0868405147992315
0.296176764161288,0.174702432222719,0.456424703595101,0.0726961000208922
0.395033431741351,0.0880741675657325,0.49164119101125,0.0252512096816671
0.142644240278439,0.307125862006834,0.0785312132489008,0.471698684465827
0.464376195363337,0.220388612057183,0.201601832813734,0.113633359765747
0.331006918428666,0.163152292386484,0.440724408074609,0.065116381110242
0.520135277557358,0.218708413575071,0.187194295901725,0.073962012965846
0.258212686603553,0.248197698178245,0.204881419533465,0.288708195684737
0.141624754798935,0.242098867960842,0.0928913819716418,0.523384995268581
0.291980872224747,0.462379750421594,0.127340109875718,0.118299267477941
0.401493759294884,0.226790961002646,0.231954893098219,0.139760386604251
0.444300197020435,0.100775763109363,0.414723308200394,0.0402007316698083
0.11825879378212,0.409210715313548,0.0583486569824193,0.414181833921912
0.129185255489079,0.652765388536229,0.0428986015504032,0.175150754424288
0.30459959149671,0.458768839468205,0.0833550602066471,0.153276508828438
0.281079077162169,0.276457210241174,0.178488254472687,0.26397545812397
0.230263849924297,0.121769924343642,0.594418655251694,0.0535475704803678
0.263106599247222,0.177471765169403,0.453806613138672,0.105615022444703
0.26968183228517,0.275138684546322,0.144710964957824,0.310468518210684
0.0679827951394669,0.178419491804136,0.0357439368360227,0.717853776220374
0.42200837611406,0.214724374253938,0.237465877365413,0.125801372266588
0.0996556912232495,0.470172845144286,0.0437610051765758,0.386410458455889
0.322811606721108,0.257874049946077,0.207395608895836,0.21191873443698
0.245140936316755,0.459531758207866,0.089354027618983,0.205973277856396
0.133248971228319,0.255052184479561,0.082841903636257,0.528856940655863
0.241891131803478,0.405428989064245,0.105781174004859,0.246898705127419
0.251542968124363,0.258104027951256,0.186620283952245,0.303732719972136
0.518907359460038,0.165235022853674,0.26942361476647,0.0464340029198182
0.508359471134569,0.227312812345944,0.162990232957488,0.101337483561999
0.206336802349655,0.664064694918012,0.0632963825238899,0.0663021202084429
0.263886726419771,0.0726935800074214,0.634469956569373,0.0289497370034355
0.202852937306153,0.0575975201177548,0.720412198521127,0.0191373440549655
0.288626385642781,0.267275836498759,0.168210263014686,0.275887514843775
0.284941925127166,0.464267331878308,0.101837825434689,0.148952917559837
0.17636032604977,0.248694367819912,0.116000699867782,0.458944606262536
0.230320504064981,0.104332544996817,0.622957729583146,0.0423892213550562
0.075127723764321,0.146391482289225,0.0426082867663941,0.73587250718006
0.0306359446019768,0.00766430158605074,0.958865418305334,0.00283433550663861
0.132648369429834,0.219399721517698,0.0843734656058348,0.563578443446633
0.314983231895939,0.252939856073322,0.208671925948693,0.223404986082046
0.279119286524692,0.374977991217017,0.118875582456536,0.227027139801755
0.180874083982936,0.0891022467993383,0.69210927739397,0.0379143918237556
0.147253389388768,0.360919245314976,0.0840256733519568,0.407801691944298
0.179528786320939,0.676534051718222,0.0607594216167676,0.0831777403440713
0.178857594540454,0.0806193648110574,0.707031921748662,0.0334911188998262
0.267428245613288,0.166109129990481,0.460178918606674,0.106283705789557
0.138738857888205,0.224329050806664,0.0837430021666569,0.553189089138475
0.322136600645952,0.168028585415549,0.411688146011943,0.0981466679265559
0.16264589774777,0.349963314919568,0.076590546906185,0.410800240426478
0.158760524789829,0.715140076887131,0.0422315902801601,0.0838678080428801
0.267625386600827,0.350647665428288,0.129543270210645,0.25218367776024
0.321527534481729,0.318735065959077,0.234227016219938,0.125510383339256
0.115956899357115,0.193039901156788,0.0675186502981827,0.623484549187913
0.228540061316984,0.122957790432138,0.584775028256403,0.0637271199944753
0.478734492763186,0.0858772562743444,0.410144849227755,0.0252434017347147
0.376243360356655,0.16033252276141,0.391514066599084,0.0719100502828513
0.422105099445661,0.208864398754644,0.291208746174945,0.077821755624749
0.254393426886195,0.32469429043299,0.148716778937837,0.272195503742977
0.0987059010083287,0.744944590506984,0.0370528810283694,0.119296627456318
0.349703650404355,0.078618613793091,0.546969530307149,0.0247082054954047
0.125536400242696,0.263413324046424,0.074413413223639,0.536636862487241
0.270601397554539,0.098122068957521,0.58828158090192,0.0429949525860202
0.539582604244358,0.269830465120383,0.141506262022628,0.049080668612631
0.319097403444648,0.18622446295424,0.405169981364704,0.0895081522364084
0.0915391191980087,0.179707564004957,0.0513628245602217,0.677390492236813
0.219884236363085,0.426950583682356,0.090897638687476,0.262267541267083
0.392745011039247,0.292803000832816,0.207568148275371,0.106883839852566
0.15206972140066,0.0609912473431621,0.759748946351747,0.0271900849044308
0.195771985882208,0.0820071843170778,0.687591472971664,0.0346293568290503
0.315026121087925,0.149085382383282,0.467699319925474,0.0681891766033194
0.286596590282994,0.111406569910446,0.558503323958225,0.0434935158483349
0.373932040006132,0.208469840533044,0.302259819808519,0.115338299652305
0.281945947706157,0.190044266726337,0.435643871529729,0.0923659140377769
0.2062260692556,0.0994278244641942,0.649388753912423,0.0449573523677824
0.616782487977707,0.282319501362226,0.0658479651333853,0.0350500455266811
0.242220648512746,0.106832643623309,0.610713804446487,0.040232903417458
0.135896152764625,0.0594682728566847,0.778752376622061,0.0258831977566293
0.323075239018921,0.156620034612602,0.467919316308872,0.0523854100596048
0.462844525877346,0.255005642225417,0.199508854585214,0.0826409773120231
0.182739868620415,0.567002211086644,0.0789658549890463,0.171292065303895
0.214777459184055,0.481646845930844,0.0932339477031792,0.210341747181921
0.190198897217481,0.29100178764692,0.0959170319440086,0.422882283191591
0.12411593555161,0.0483808480074815,0.806845077849728,0.0206581385911804
0.376925308388439,0.2244249876195,0.331478163901875,0.0671715400901859
0.0879042866637266,0.829565279412086,0.0283698504374286,0.0541605834867585
0.13405226885629,0.0571173105349494,0.783481982781339,0.0253484378274218
0.273636087905302,0.46765533922012,0.124220809625705,0.134487763248874
0.114985491552537,0.232725686144723,0.062050485501355,0.590238336801385
0.274788404228657,0.283826410032541,0.140084337064097,0.301300848674706
0.586026522674569,0.281043552560431,0.0927163197549047,0.0402136050100953
0.294399131216987,0.209886031007736,0.387490829705258,0.10822400807002
0.31092744097007,0.416444673780514,0.140847254709109,0.131780630540307
0.193102081535897,0.093796765307342,0.670697671669299,0.0424034814874613
0.12778993314988,0.0417799840465516,0.812249263141851,0.0181808196617176
0.408996978068513,0.284753211040507,0.220076528669466,0.0861732822215136
0.299365766342304,0.182865782692199,0.434357833219949,0.0834106177455472
0.315740249244622,0.137118388102418,0.495097725566649,0.0520436370863108
0.351225272117309,0.316833527042906,0.141253036001214,0.190688164838571
0.217417309023699,0.370972033422875,0.116065553177225,0.295545104376201
0.454000493604242,0.310169131504283,0.169804313108087,0.0660260617833884
0.166944190682793,0.245796556094834,0.112496827286407,0.474762425935967
0.330281908073803,0.164114514299576,0.415183720542059,0.0904198570845624
0.406326039266267,0.239311214445863,0.278442184628915,0.0759205616589546
0.293600450736286,0.157967429369773,0.494367429895623,0.054064689998318
0.392645431411692,0.298557852309628,0.198755848113122,0.110040868165558
0.101430533850493,0.812525693165042,0.0296220977415897,0.0564216752428748
0.372304913346614,0.13870020895911,0.425980170413605,0.0630147072806704
0.147105429885864,0.244044297303218,0.0754220661965984,0.533428206614319
0.319291582308443,0.144437522993765,0.472648547654641,0.0636223470431515
0.190302367916761,0.255588931365972,0.110094941589329,0.444013759127939
0.39840520750198,0.353166592526815,0.164796781857184,0.0836314181140209
0.296403113047264,0.340534572673992,0.165535248915441,0.197527065363303
0.3177197146833,0.258664450922229,0.285688586324152,0.137927248070319
0.146084244731008,0.228291282106961,0.0957477704455005,0.52987670271653
0.313727354541358,0.168846682009149,0.417673407820819,0.0997525556286744
0.149034045804236,0.276905589799844,0.0971374031845979,0.476922961211322
0.309353428125052,0.0917332628040952,0.569323066189868,0.0295902428809839
0.248808187970319,0.105011081355226,0.609814047051961,0.0363666836224945
0.33296839659444,0.169928650011378,0.40379882285418,0.093304130540001
0.194779080309187,0.534891273238344,0.099751712327044,0.170577934125425
0.0741340714864766,0.2425984051288,0.0353633906134804,0.647904132771243
0.26110665103146,0.0856461818847261,0.625329673561857,0.0279174935219563
0.185283561045436,0.0785229698310351,0.697738733499285,0.0384547356242446
0.478981472304259,0.196287727434271,0.256206749613006,0.0685240506484639
0.263262025308169,0.123995443327658,0.554986603541662,0.05775592782251
0.0332377290830921,0.0729039527278963,0.0163352346583146,0.877523083530697
0.294078390803184,0.106281727488071,0.547910150805894,0.0517297309028514
0.161392048505937,0.401764082884608,0.0908462522858749,0.345997616323579
0.276403633734119,0.167272449494643,0.478315516645658,0.0780084001255795
0.206509236184366,0.308803904424932,0.160792500852541,0.323894358538161
0.182200019729933,0.415356864081012,0.0640640134985279,0.338379102690527
0.0900948183636115,0.319268394126729,0.0426329940469185,0.548003793462741
0.216885570989131,0.300926500694914,0.127049812524435,0.35513811579152
0.187944138028863,0.476908516650277,0.0980093641167813,0.237137981204078
0.102098058860528,0.0365344271512576,0.846836075476561,0.0145314385116537
0.449682394864117,0.104338028665167,0.411076011006589,0.0349035654641275
0.388850054376466,0.268717327143421,0.229444262787547,0.112988355692566
0.27065749648081,0.225868199423294,0.341318784560137,0.162155519535759
0.198139819737194,0.290680910941236,0.115698917523546,0.395480351798024
0.228629933859537,0.102396604422875,0.63065358955782,0.0383198721597679
0.111437573623433,0.247011131003541,0.0584056550777022,0.583145640295324
0.408033680045066,0.365540784492982,0.10991177665018,0.116513758811772
0.329899582444033,0.235389596722069,0.337751308748043,0.0969595120858544
0.0984128432557266,0.729380273782374,0.0330552963989802,0.139151586562919
0.315541727876275,0.221938577496475,0.355773194377307,0.106746500249943
0.31975209741913,0.216259179697957,0.331646313925065,0.132342408957848
0.0575500277603329,0.130976713281744,0.0312793881144155,0.780193870843508
0.154797677820174,0.350166443227286,0.0883559114937795,0.406679967458761
0.429588583207867,0.176643896013451,0.32022314746267,0.0735443733160114
0.277247522576286,0.181366141436046,0.434387501899927,0.106998834087741
0.139806973972212,0.218540616630567,0.0892169401291376,0.552435469268084
0.273836498664909,0.184597123920041,0.438783397477461,0.102782979937589
0.0790336645262306,0.272172502759124,0.0303323622018935,0.618461470512752
0.150657421654091,0.0552622165145975,0.773965531524815,0.0201148303064963
0.392594759935538,0.363399215062559,0.159946877894928,0.0840591471069756
0.221395642077434,0.0883023045825566,0.655866956559406,0.0344350967806031
0.162740478235634,0.266952046857662,0.0838959383620549,0.486411536544649
0.423439642655172,0.257352411018063,0.178616230781387,0.140591715545378
0.243150532303947,0.272320887949705,0.238178991679432,0.246349588066917
0.469326842603773,0.146546780790207,0.32088867880484,0.06323769780118
0.341980834112175,0.170967731889441,0.409417755227592,0.077633678770792
0.372620233126867,0.209371493520437,0.281268133266006,0.13674014008669
0.288155476715672,0.19824593058334,0.416485930468365,0.0971126622326227
0.264571826707009,0.155908139094255,0.501351897981308,0.0781681362174279
0.202502739054819,0.289969857444133,0.112176084584678,0.39535131891637
0.139089768100045,0.346210932041868,0.0539585718568571,0.46074072800123
0.261547979369734,0.124285471215276,0.560481304676245,0.0536852447387446
0.132757830214762,0.226269414037702,0.0859979569814098,0.554974798766127
0.833734039638152,0.0607800730180279,0.0899178520521779,0.0155680352916418
0.216645491392692,0.427137719947567,0.139583355158784,0.216633433500957
0.269640636465909,0.134929438521568,0.521281377900341,0.0741485471121823
0.372926096411768,0.270895702434361,0.22813887656878,0.128039324585091
0.212824800850026,0.0800461615194817,0.673000839676188,0.0341281979543049
0.244981322678127,0.106966607852,0.604583783989315,0.0434682854805583
0.320521649283457,0.397357303752756,0.186523324186296,0.0955977227774911
0.0980245185516918,0.246221883786583,0.0540758239671221,0.601677773694603
0.272453997275762,0.115978715983972,0.56223586733321,0.0493314194070558
0.110863298728285,0.212683641711206,0.060215810745019,0.61623724881549
0.15047335103513,0.326034285603916,0.0894087716351043,0.43408359172585
0.269316622237055,0.377999944628012,0.195533966935031,0.157149466199902
0.0741946762086206,0.150827216028159,0.0425323945270694,0.732445713236151
0.28592965923754,0.29318764846128,0.184712330652515,0.236170361648665
0.244919199099623,0.133768630682936,0.546001285203615,0.075310885013826
0.166583092118798,0.726833980201833,0.0497272434515202,0.0568556842278486
0.21795234904516,0.439771529293556,0.117143554380421,0.225132567280863
0.459950266827323,0.312889088319379,0.160380216141676,0.066780428711622
0.362283124949589,0.171208981805282,0.401598122851565,0.0649097703935649
0.255654360277704,0.158383841342797,0.499462023679924,0.086499774699575
0.199494472025096,0.450269560822285,0.0747163610274655,0.275519606125154
0.337739358878305,0.384461721376677,0.189818740354126,0.0879801793908913
0.479820965234653,0.269368487546611,0.189399087549358,0.0614114596693771
0.255067476627125,0.16707655647351,0.496325672956895,0.0815302939424705
0.296575976305278,0.312659348919102,0.201631440631852,0.189133234143768
0.236660266164435,0.131487415835525,0.557896002645869,0.0739563153541714
0.203854620869304,0.333538127629227,0.141936915443174,0.320670336058294
0.0739421843249074,0.19760098587868,0.0373447852211782,0.691112044575234
0.26924995068939,0.168951285387326,0.465527051457424,0.0962717124658601
0.30370551708402,0.269728174910813,0.31874198970453,0.107824318300637
0.327487213312588,0.378657139802111,0.164517739995756,0.129337906889544
0.35852319240747,0.151867146537706,0.42798707549247,0.061622585562355
0.359899046427971,0.253165920953953,0.244961145926571,0.141973886691506
0.200240004432832,0.0950945254364372,0.665536071214999,0.0391293989157313
0.1043954935871,0.26347902784868,0.0582356637223081,0.573889814841911
0.378646580434584,0.328613722783874,0.209306828419325,0.0834328683622172
0.378521212513725,0.233547672316661,0.317519939023988,0.0704111761456264
0.217864021040903,0.258382146814125,0.131712247274421,0.392041584870551
0.291153262230521,0.261320398946882,0.326067490716293,0.121458848106304
0.245976712972179,0.531412921535108,0.10485382850015,0.117756536992563
0.275125895499484,0.149896214252902,0.508696709307215,0.066281180940399
0.286747448106787,0.268927437147565,0.299915339789651,0.144409774955997
0.164312425091145,0.304382985491496,0.0681875995557056,0.463116989861654
0.320971926677288,0.27730507396187,0.187996902722342,0.213726096638501
0.38957468604992,0.238621299238382,0.304808911833697,0.0669951028780001
0.252689179330313,0.164155060588266,0.484016921514884,0.0991388385665369
0.124201477980283,0.0512716379756624,0.802457289620145,0.0220695944239102
0.19103061366869,0.0858300551956161,0.680300443797732,0.042838887337961
0.2362651820107,0.532663116118009,0.100150879030868,0.130920822840423
0.714767558997695,0.194391675539115,0.0597962039216111,0.0310445615415784
0.0917711737561722,0.230995833680247,0.0472973230286746,0.629935669534906
0.403419787798371,0.195352447117863,0.331918144711789,0.0693096203719769
0.305466225698443,0.233959387355527,0.281188819774235,0.179385567171795
0.303860045101543,0.126952497616397,0.519016875613099,0.0501705816689606
0.160474139718294,0.41928600419269,0.0631308773537545,0.357108978735262
0.358276524515009,0.190253078972906,0.351414799373312,0.100055597138772
0.303871525222039,0.229448536434547,0.323215839907698,0.143464098435716
0.359627711233681,0.236092866951967,0.279260970566344,0.125018451248008
0.31823613158152,0.158730707967861,0.467860252997017,0.0551729074536026
0.410117595690346,0.294889571821848,0.201928820805703,0.093064011682104
0.219057553363019,0.110177327553932,0.6131451002591,0.0576200188239491
0.167356165481769,0.31711251689878,0.105453640089208,0.410077677530244
0.19986898252954,0.0929039863177817,0.670190840392359,0.0370361907603199
0.138523060326192,0.224545793441322,0.0859784969110404,0.550952649321445
0.419222758905642,0.402463357160613,0.116801412770594,0.0615124711631514
0.347722126106893,0.437639390347254,0.0907612766118106,0.123877206934043
0.302607289484111,0.343244993711709,0.200307340067277,0.153840376736903
0.276757195885674,0.181541595897101,0.462303112091532,0.079398096125694
0.192868531103551,0.528968908384215,0.089488188002517,0.188674372509717
0.22951001386847,0.125423118356918,0.57560860514088,0.069458262633732
0.463340581978492,0.310595712761411,0.116572715148136,0.109490990111961
0.299818273795108,0.0841768336060504,0.584537268467801,0.0314676241310408
0.295730112706809,0.134131118260647,0.516672420470949,0.0534663485615952
0.270908848867238,0.107463103215071,0.584113954232258,0.0375140936854327
0.418689607386933,0.3435293739373,0.161197160894661,0.0765838577811058
0.272238183956277,0.11643632518028,0.564004059039583,0.0473214318238601
0.275228827356933,0.168491000854097,0.449396633729472,0.106883538059498
0.385225453025435,0.411078724400267,0.114734064867138,0.0889617577071596
0.164192071177252,0.484984392116005,0.0648772329214477,0.285946303785296
0.0828519754438237,0.0271677020572623,0.878926015322904,0.0110543071760095
0.29005920835725,0.353058964485766,0.214943788100859,0.141938039056125
0.288180069986803,0.368631659503422,0.129602342675368,0.213585927834408
0.117093854324382,0.228158733295866,0.0512093653571571,0.603538047022595
0.247943221155464,0.139921864992151,0.542886904087595,0.0692480097647913
0.217205354475311,0.0802603482909473,0.668245920914855,0.0342883763188867
0.49667758013814,0.259175857753665,0.14607501180091,0.0980715503072856
0.347601866294817,0.253827779562264,0.318967264547997,0.0796030895949221
0.609235909314609,0.121150495166983,0.235076536859554,0.0345370586588545
0.287176583298785,0.154956196036463,0.491069693196118,0.0667975274686343
0.364248795239981,0.184640161051212,0.388625200011253,0.0624858436975542
0.293224106978013,0.39655255684566,0.124515445090275,0.185707891086052
0.0596057738931672,0.173880177448288,0.0252161482937554,0.74129790036479
0.204240266654255,0.0894453634742332,0.673043133855624,0.033271236015888
0.117176891940816,0.270627693579004,0.0585930053608998,0.55360240911928
0.315625841822177,0.407921990452999,0.112692254474841,0.163759913249983
0.117146950094273,0.223278200106926,0.0573598210312396,0.602215028767562
0.275259215561835,0.279816108185469,0.301928592071168,0.142996084181528
0.453052907748353,0.38279529991804,0.0968831000732938,0.0672686922603126
0.547615401378727,0.147984784535092,0.265089098030723,0.0393107160554589
0.331184410772537,0.32812406221806,0.138727642121648,0.201963884887755
0.282370663873076,0.303795791975591,0.270908047551658,0.142925496599675
0.347687198015064,0.268699827058625,0.181312038952415,0.202300935973896
0.386430637591861,0.197705361161799,0.310354319887488,0.105509681358851
0.374047982794661,0.151454482980954,0.424858086272233,0.0496394479521516
0.355194810369396,0.220213741360771,0.275851982457632,0.1487394658122
0.580375002894573,0.137574156620075,0.249515987032153,0.0325348534531988
0.200011408111309,0.303996742857168,0.126316284604845,0.369675564426678
0.194993055408773,0.0842048139580043,0.679133121913004,0.0416690087202191
0.247674986092815,0.120343862139179,0.566344513198018,0.0656366385699887
0.228581014805288,0.0815702997910545,0.65489642124155,0.0349522641621072
0.549527256463235,0.0875612093094031,0.339980874656263,0.0229306595710986
0.196671055695515,0.0832734499479925,0.678795950097442,0.0412595442590511
0.201054147530245,0.0601091477296847,0.715422389251665,0.0234143154884053
0.176195344596805,0.0618307909093252,0.733866441869011,0.028107422624858
0.202867023761224,0.0606971583949257,0.710213048744447,0.0262227690994027
0.325993037835479,0.168311648923944,0.412739873107485,0.0929554401330915
0.371369674738815,0.310061806637511,0.222342528030174,0.0962259905934998
0.495473995697867,0.123119826315217,0.336826631771494,0.0445795462154222
0.194748476249653,0.469301883182542,0.0639178877200244,0.27203175284778
0.310093969529513,0.364501003043374,0.161179905436175,0.164225121990938
0.0755537277084112,0.159546861360789,0.0409586646108258,0.723940746319974
0.0958430554726457,0.167938766758084,0.0487559941443354,0.687462183624935
0.29996941914297,0.258908813401668,0.185185667253655,0.255936100201707
0.458561951667214,0.304330008406912,0.121746075702259,0.115361964223614
0.422459432949577,0.361308265964973,0.125811288550274,0.090421012535176
0.536104384195587,0.240856915408723,0.135074915587083,0.0879637848086072
0.225987578158801,0.277268277631359,0.118897536573689,0.377846607636151
0.516402918469459,0.268127766942333,0.163710820357731,0.0517584942304765
0.208336756494262,0.0957555823625871,0.650803850695461,0.0451038104476898
0.211845797243601,0.105192416565989,0.631268071155132,0.0516937150352778
0.374462262018605,0.17148391334111,0.392510546394046,0.0615432782462393
0.125623218801984,0.253404462728948,0.0524312849565484,0.56854103351252
0.443176132538125,0.222737494331668,0.276865284960525,0.0572210881696818
0.327814801169781,0.29485086152575,0.168259374000998,0.209074963303471
0.306980817071916,0.162115388721059,0.462190648321194,0.0687131458858309
0.326891641649798,0.243363626083446,0.316988412114214,0.112756320152542
0.356467971110738,0.383912426997144,0.127562116307649,0.132057485584469
0.294127237164533,0.141400273647289,0.496367615613672,0.0681048735745063
0.189013322805358,0.42125560201145,0.0763061643109378,0.313424910872254
0.286236672114559,0.184834450102413,0.45812196812746,0.0708069096555679
0.338468054976981,0.215142742275228,0.374426883327222,0.0719623194205689
0.0545779647078497,0.106352781162699,0.0290618532007492,0.810007400928702
0.457545736608826,0.247986491663518,0.23990523165242,0.0545625400752363
0.375919946535893,0.134887509986764,0.428682279346212,0.0605102641311313
0.338629961549119,0.294039303617419,0.261964437481247,0.105366297352215
0.271979450053894,0.22638985633041,0.338211301502334,0.163419392113362
0.452635744713466,0.195767818844077,0.294081003478507,0.0575154329639492
0.251570691366352,0.0711517364026883,0.648109068330235,0.0291685039007245
0.410855759627044,0.165987686915367,0.337850301872006,0.0853062515855836
0.17124010935527,0.0761761813488394,0.715238008637591,0.0373457006582996
0.133307287205683,0.0343144139594654,0.82004332861607,0.0123349702187815
0.339885823279696,0.24035253471196,0.321629832009356,0.098131809998988
0.381831534010347,0.422271216183603,0.10250359579548,0.0933936540105699
0.407058920338412,0.285182479734127,0.207254048075028,0.100504551852432
0.302383497419101,0.507013224090198,0.103314079487079,0.0872891990036218
0.232807596678932,0.551550564492281,0.105185064087631,0.110456774741155
0.305079815324713,0.173654631306257,0.417128654580232,0.104136898788797
0.403123818924349,0.257160815643384,0.268615168477707,0.0711001969545608
0.237084289566352,0.281612308344626,0.117628231281019,0.363675170808004
0.306588718653831,0.352075295316017,0.171658377883299,0.169677608146853
0.280169849395763,0.114339673388851,0.552272007082394,0.0532184701329921
0.500188175189661,0.227252999134222,0.173286022656128,0.0992728030199889
0.403301407565413,0.329630961896186,0.163841559821775,0.103226070716626
0.296337851842207,0.340533234998628,0.114261090205289,0.248867822953876
0.180140427187115,0.715509704124935,0.0500079917339767,0.0543418769539736
0.0648910673398154,0.0184247436368537,0.910017595203644,0.00666659381968717
0.207739103963923,0.0551204138811961,0.715538849507895,0.0216016326469859
0.338725233513041,0.165312014900589,0.432588812831186,0.0633739387551838
0.378034470408847,0.300497496636221,0.149395897528159,0.172072135426772
0.439709565271394,0.180795260024131,0.330053398085823,0.0494417766186525
0.271414775973732,0.151986995542802,0.483459385581565,0.0931388429019013
0.315551453073574,0.183372360355484,0.377684193562974,0.123391993007969
0.364743165367929,0.112584510111079,0.479328157587377,0.0433441669336159
0.282830282699007,0.119231024426473,0.541618070555897,0.0563206223186222
0.355821613039727,0.0971522994418913,0.507915517081642,0.0391105704367391
0.257379667692488,0.103435173630945,0.590755231028783,0.0484299276477838
0.776602206244509,0.0775770710702407,0.129216542394606,0.0166041802906443
0.212665816985017,0.269234259437429,0.11131552716422,0.406784396413334
0.278698171982968,0.128697867634791,0.524548509861029,0.0680554505212119
0.51324996757447,0.150624320669259,0.275822816217001,0.0603028955392698
0.0794877495259338,0.144013887474411,0.0438529955241593,0.732645367475496
0.205296949749112,0.257575706856056,0.144169180764593,0.392958162630239
0.406648484508794,0.426917407593774,0.0861056189742913,0.0803284889231415
0.168697444272166,0.443320058190539,0.0903065308857741,0.297675966651522
0.23813534620867,0.131084063368105,0.562638498942369,0.0681420914808559
0.277671627257195,0.0957431235540303,0.583121604588475,0.0434636446002999
0.401085629230143,0.292271765510247,0.150227865672834,0.156414739586776
0.274432192224595,0.113104082842305,0.575283143481668,0.037180581451432
0.264226234885627,0.114122583618475,0.560786314264568,0.0608648672313297
0.345239897687109,0.319067550882378,0.140663992557375,0.195028558873138
0.3694882414832,0.265093955614605,0.26135976937636,0.104058033525835
0.290489447097465,0.210479582050311,0.376983769958602,0.122047200893623
0.184633655102359,0.0906180933548126,0.681171984155892,0.0435762673869367
0.160965821228738,0.323432058070986,0.085955336475867,0.429646784224409
0.308123771681695,0.263581930457568,0.30819504360092,0.120099254259817
0.1612604223683,0.718739992776883,0.0509219249055948,0.0690776599492227
0.288361304747197,0.399667033424248,0.104579902674188,0.207391759154368
0.31325173601751,0.212566578231773,0.343928545027518,0.130253140723198
0.342251088007172,0.213040695561841,0.289946730656533,0.154761485774455
0.302809615913361,0.0866239002657679,0.579697662051454,0.0308688217694175
0.124725152073922,0.296000045884283,0.0705104135174256,0.508764388524369
0.266499361937304,0.316823192927694,0.234564999069718,0.182112446065284
0.27760893689757,0.151169595305998,0.47957418938907,0.0916472784073609
0.486713826921423,0.183956662134821,0.247827759809011,0.0815017511347452
0.288379486448342,0.199993734466911,0.404455352100282,0.107171426984465
0.164036290805199,0.228457162590624,0.109698126777963,0.497808419826215
0.151223255264126,0.0653115282779352,0.75439164536582,0.0290735710921192
0.344518747332814,0.19435850182818,0.33032727739555,0.130795473443456
0.159079203250121,0.232349128758653,0.107271480865175,0.501300187126051
0.234058912730089,0.121469932002113,0.592574522568801,0.0518966326989964
0.202852265859909,0.483761672017026,0.0769856643160045,0.236400397807061
0.222336866419237,0.349444294842756,0.105416226199866,0.32280261253814
0.280015535468704,0.0774275963804701,0.612062517276439,0.0304943508743868
0.423760483351019,0.359758660679257,0.0997542148569442,0.116726641112779
0.170433698293746,0.0752940272179257,0.724399852447491,0.0298724220408371
0.0931524660312519,0.829200124551598,0.0265704629458685,0.0510769464712812
0.250614964496371,0.15444555661256,0.521871972599999,0.0730675062910703
0.572737059126939,0.153854091632805,0.226681426816098,0.0467274224241581
0.102990892238189,0.0229680231459322,0.865879528560692,0.00816155605518675
0.437279636925456,0.227227712242247,0.214552490814812,0.120940160017485
0.166295383305795,0.313428568864298,0.0788626863731258,0.441413361456781
0.293358412747336,0.181471243023713,0.398960680690763,0.126209663538189
0.701365266510276,0.0739120052013749,0.204570982543919,0.02015174574443
0.254973025496692,0.16538809515469,0.490326664276661,0.089312215071957
0.0849056238076148,0.732505899938628,0.030572997513822,0.152015478739935
0.377870660934439,0.131787018770717,0.448703932796604,0.0416383874982396
0.281513670581878,0.128245606161217,0.527489477619526,0.0627512456373788
0.337270081388065,0.126483131223024,0.475008885207864,0.0612379021810476
0.171767149999434,0.302290785795765,0.0698839257974398,0.456058138407361
0.30615132254023,0.299682963837252,0.198194834437228,0.19597087918529
0.394968709574073,0.256198507364155,0.264422065687321,0.084410717374451
0.257581194734594,0.135118344636877,0.533949580580898,0.0733508800476314
0.0917207397109625,0.0305296828449984,0.865062245659171,0.0126873317848681
0.146923391018288,0.0600609017099649,0.766558508190928,0.0264571990808185
0.887235326787619,0.0516150850032423,0.0510960645188831,0.0100535236902557
0.384117669725396,0.149885765979233,0.388757902338602,0.0772386619567694
0.404737003154976,0.180968014835536,0.361494219025786,0.0528007629837022
0.276947820973384,0.131401015355563,0.527320490185781,0.0643306734852723
0.644970007271626,0.237895300726194,0.0859518685169729,0.0311828234852064
0.0775688193818991,0.153652396716999,0.0374693735166967,0.731309410384405
0.166696821313101,0.576191580595724,0.0790059795452051,0.17810561854597
0.376376187303576,0.162463317324997,0.392835183917022,0.0683253114544051
0.222111795967776,0.596855125225421,0.091191042370401,0.0898420364364013
0.100934681997809,0.167902615390762,0.0567359529873535,0.674426749624075
0.350038906945129,0.257638723760337,0.308452371536683,0.0838699977578515
0.415099485012274,0.287286353840138,0.163213287583657,0.134400873563931
0.123890134086812,0.0506751067655548,0.805324690990227,0.020110068157406
0.525203212829899,0.278293947412606,0.150150633316324,0.04635220644117
0.294327422342746,0.20020099246144,0.381827327592946,0.123644257602868
0.165334365172525,0.0637390744751027,0.744979083112954,0.0259474772394186
0.0550167927712843,0.136126999911784,0.024460045997651,0.784396161319281
0.354806860221736,0.260967222811348,0.18597611304095,0.198249803925966
0.0840933322596521,0.833859248844445,0.0253748348316579,0.0566725840642448
0.175248351080579,0.0765158948213114,0.717384924892465,0.0308508292056442
0.507127662238617,0.256931200401385,0.133282233294954,0.102658904065044
0.359236351074772,0.436458234014514,0.0893600742250011,0.114945340685713
0.226791067880356,0.416022105902553,0.0920711862261298,0.265115639990961
0.173912352490341,0.29957233956106,0.103479278173086,0.423036029775513
0.487229214813798,0.101277653262877,0.383204710332788,0.0282884215905366
0.30105555418908,0.286362975278564,0.149880492038896,0.262700978493461
0.322445088067466,0.506804622249359,0.0993912205495691,0.0713590691336058
0.539870439998976,0.163825355321967,0.238331128778061,0.0579730759009963
0.131529756570553,0.217098669587639,0.0841066236076412,0.567264950234166
0.155997574575642,0.0574200125107428,0.765789201855461,0.0207932110581543
0.0533932353699943,0.193061100227845,0.0224984710054791,0.731047193396682
0.249881558415479,0.14302227492305,0.528937321398056,0.0781588452634149
0.176802049669394,0.0832593985535849,0.699124240160114,0.0408143116169068
0.102442550978264,0.220295612456145,0.0512365025022651,0.626025334063326
0.226681299616289,0.119111284571937,0.595368435200814,0.0588389806109601
0.47146123290751,0.242669158721981,0.194471735526525,0.0913978728439841
0.261651510277131,0.130738203739054,0.540875163064567,0.0667351229192481
0.540141950347812,0.205305443709755,0.189348057277965,0.0652045486644681
0.300412743347848,0.12205547554334,0.522706151307077,0.0548256298017359
0.261936688466817,0.338597007018256,0.146479804229954,0.252986500284972
0.227386919680187,0.36171838855533,0.0841676078039752,0.326727083960508
0.595452774963853,0.0895649449751932,0.290503871790046,0.0244784082709075
0.416112846228351,0.36257840192885,0.128119877919379,0.0931888739234204
0.224083141150773,0.122378138813756,0.586532687748709,0.067006032286761
0.190040179525101,0.373656005840766,0.119767613703482,0.316536200930651
0.318728973956877,0.29710313986685,0.165348160014434,0.218819726161839
0.213802485043846,0.309139766769144,0.104289431091111,0.3727683170959
0.0363986489313827,0.0123012341805825,0.946439238120286,0.00486087876774921
0.214513079374491,0.110673869874159,0.616488600341153,0.0583244504101974
0.173383618974014,0.672636138828052,0.0628468286205172,0.0911334135774168
0.222095788760079,0.125610113409771,0.58586569681827,0.0664284010118796
0.276580203951501,0.152822187291551,0.482142512594407,0.0884550961625412
0.486712954111356,0.164638410675433,0.284186345027447,0.0644622901857634
0.277863347684918,0.291048115574064,0.194923593098131,0.236164943642888
0.153497797392301,0.267719091646164,0.0784883271000226,0.500294783861512
0.144390116105388,0.0576388226873733,0.771657115440963,0.0263139457662754
0.19409654809426,0.265403245228695,0.09516092159343,0.445339285083615
0.202740280661514,0.0863514139860766,0.668540693424493,0.0423676119279165
0.550450643803237,0.201495084094823,0.195364491378698,0.0526897807232414
0.199398616534951,0.091984095382911,0.666658101093569,0.0419591869885697
0.141188962228697,0.262097346216543,0.0772324661418758,0.519481225412885
0.177915959744106,0.0892027995673518,0.691483254458032,0.0413979862305104
0.279671041034953,0.0927066599263523,0.598184730287454,0.0294375687512406
0.346094465889851,0.18509454734015,0.41332210716695,0.0554888796030485
0.202015948179869,0.524020193833585,0.0957305943173733,0.178233263669172
0.157706197010532,0.073594458964259,0.734249182802019,0.0344501612231895
0.317436060223719,0.152120432501349,0.451446022930831,0.078997484344101
0.716930605892529,0.166777679173962,0.0880426358822809,0.0282490790512283
0.240111229012582,0.111205340209169,0.588773203324428,0.0599102274538214
0.304999764144331,0.506044049165288,0.0951985206693932,0.0937576660209874
0.340064080134019,0.430966192126913,0.132145343711699,0.0968243840273686
0.211298969551541,0.475317896805597,0.121430505734054,0.191952627908807
0.157568673124373,0.326563800797961,0.0965799747596917,0.419287551317974
0.0711358360956848,0.150974634525737,0.0351758066450311,0.742713722733547
0.277446106320338,0.150785878742478,0.503531838689423,0.068236176247761
0.225501547555514,0.10379144747814,0.62497147460696,0.0457355303593862
0.319568784303726,0.196705928318439,0.374818778387251,0.108906508990584
0.27159542382962,0.0696313838266329,0.632663630223917,0.0261095621198292
0.210335258630794,0.117747084496883,0.614009421537737,0.0579082353345866
0.221263290189664,0.388745618801861,0.145577785905193,0.244413305103282
0.286817957032999,0.136587123695057,0.506986511116972,0.0696084081549721
0.44499870077893,0.293144928843397,0.161714834504815,0.100141535872857
0.199838384611716,0.0927618643363702,0.666805157069557,0.040594593982357
0.168757099937121,0.232032533795862,0.0986887427244442,0.500521623542573
0.304419020175116,0.229247168359875,0.374250658055324,0.0920831534096847
0.595064103944005,0.144525003450245,0.209897376347373,0.0505135162583775
0.0980784957224752,0.1891691359867,0.0559139948701,0.656838373420725
0.337106718567703,0.0623805228295927,0.579252781823198,0.021259976779507
0.225089894188971,0.6119338486028,0.0628297804339723,0.100146476774257
0.0975161683538788,0.0388826469947389,0.846681724795198,0.0169194598561839
0.245733127129639,0.135151614874262,0.555993712272311,0.0631215457237881
0.089170888554238,0.357474807424522,0.0354114080852553,0.517942895935984
0.102330124405639,0.492425410462088,0.0382308851248332,0.36701358000744
0.366010482103871,0.140255207043659,0.440113263524342,0.053621047328128
0.261478460791306,0.131992743868502,0.546517715697977,0.0600110796422143
0.154764433361267,0.473997931682802,0.0606121272767728,0.310625507679158
0.206299555242941,0.0753556170567535,0.690775084045836,0.0275697436544694
0.361973141187137,0.130185793236202,0.460257210017999,0.0475838555586622
0.378186418281796,0.33410262719968,0.198048301830838,0.0896626526876859
0.222544106587064,0.253525534827141,0.141209059518414,0.38272129906738
0.377083160565865,0.16081167853824,0.379365036842931,0.0827401240529646
0.128531889943453,0.217473688876387,0.0810894413982191,0.572904979781941
0.280864755420395,0.130078731156159,0.531204097381508,0.057852416041938
0.108966750653439,0.0423498407699187,0.831833497149147,0.0168499114274953
0.690270816986629,0.184707688419133,0.0886651727699552,0.0363563218242835
0.0966821098175216,0.216516972838101,0.0559814394962721,0.630819477848106
0.164764442796359,0.240744253292747,0.112853459229448,0.481637844681446
0.1566188825706,0.0512079132929521,0.774601992997788,0.01757121113866
0.368434873262721,0.338094234952041,0.174387983537984,0.119082908247255
0.406254756509178,0.318861542291455,0.2052048295867,0.0696788716126662
0.340572429024106,0.181563823135277,0.387079234767766,0.0907845130728507
0.324209779271762,0.415125076372232,0.110473201042212,0.150191943313794
0.202675670352942,0.385688254183974,0.136326772124192,0.275309303338892
0.267020859873056,0.39937755099768,0.128297951959764,0.2053036371695
0.187009786592702,0.29734908356251,0.136186291460334,0.379454838384455
0.120141446834599,0.765879884293024,0.0365843056808742,0.0773943631915027
0.378925164806583,0.177990306523519,0.386007640676167,0.0570768879937306
0.236445286797444,0.363302713084878,0.178877057297167,0.221374942820512
0.288728133501438,0.281110809699346,0.199554623457663,0.230606433341553
0.326985930493667,0.171600240222653,0.401534047140954,0.099879782142726
0.15670034912571,0.271910668831509,0.0791503335177255,0.492238648525056
0.221287617303443,0.330495267870195,0.0925626198354717,0.355654494990889
0.113111451405979,0.041313399191386,0.827246573253899,0.0183285761487361
0.297559967849585,0.420615959472519,0.134033280837209,0.147790791840687
0.312433595925265,0.223242126876493,0.310936318168669,0.153387959029574
0.146579252964119,0.238774896607706,0.0949883432254576,0.519657507202717
0.265107508360557,0.268036904386218,0.152056069681908,0.314799517571318
0.264372751066279,0.126871578144316,0.542668805061713,0.0660868657276927
0.226957834082056,0.497686982122783,0.0811091211138225,0.194246062681339
0.138595861139327,0.286429546330618,0.0796100618079779,0.495364530722077
0.379060389794393,0.185094953415946,0.32837828334103,0.107466373448631
0.635598973536889,0.190217254629476,0.121793385338073,0.0523903864955624
0.210970367439077,0.324393427168839,0.157651895160359,0.306984310231725
0.237359385166324,0.115578049890077,0.600024444722251,0.0470381202213486
0.339942671518835,0.190190626043613,0.345384157037622,0.12448254539993
0.52135827072611,0.255220025742637,0.131289277287991,0.0921324262432624
0.610695132871965,0.265399084456211,0.0854192591840253,0.0384865234877984
0.391273355401508,0.169927983520814,0.368690095961338,0.0701085651163407
0.180535555161932,0.0821196369833548,0.70301065523301,0.0343341526217032
0.257402605840055,0.135494823574522,0.549354899248997,0.0577476713364262
0.303432810906015,0.224021587378987,0.390628438743262,0.0819171629717371
0.239467334570881,0.28727019955235,0.224983593131716,0.248278872745053
0.514927525640457,0.119536958271857,0.328408858886948,0.0371266572007376
0.434502469400877,0.106863127301432,0.423948957888389,0.0346854454093021
0.206377744674914,0.254993664344177,0.147692169406004,0.390936421574905
0.428304147631393,0.0582919694028293,0.495402523163895,0.0180013598018828
0.210819689570736,0.100922845681322,0.63941823985138,0.0488392248965619
0.426172476888232,0.180097636025133,0.336181584621297,0.0575483024653381
0.271540302167451,0.189829617707545,0.457369346487496,0.0812607336375071
0.420775107386531,0.109205217729342,0.432637144079775,0.0373825308043514
0.295866206980673,0.151612788910501,0.465573930319851,0.0869470737889755
0.284302538223188,0.118507717345872,0.555902862718207,0.0412868817127332
0.332360573468176,0.223853407472431,0.33523254699063,0.108553472068762
0.40391725534571,0.277796916436121,0.200733188230992,0.117552639987177
0.452184781576991,0.252908433566095,0.207499558300757,0.0874072265561566
0.555636883151342,0.26942185616352,0.101042444080661,0.0738988166044774
0.277702510301164,0.430450349668926,0.169263647133176,0.122583492896735
0.608469388253327,0.179211190266757,0.169837049740687,0.0424823717392294
0.437405690551651,0.247625990278969,0.183935512028767,0.131032807140613
0.192707856859087,0.077449570740135,0.698506348331942,0.0313362240688353
0.356397114327186,0.148193379066495,0.424695499844384,0.0707140067619343
0.489329708458212,0.21494750113851,0.249573043730675,0.0461497466726029
0.110884086228389,0.0367685973399124,0.838631507263273,0.0137158091684259
0.318806874244431,0.269700866215268,0.319189429361285,0.0923028301790159
0.142041917459991,0.0602086689866322,0.774205590211231,0.0235438233421466
0.116392465260353,0.332119458635735,0.0521469285872939,0.499341147516618
0.161267037744455,0.25294803009314,0.112565584684009,0.473219347478397
0.223191993423993,0.402942937892567,0.150940502515957,0.222924566167483
0.381503040896158,0.433351748403926,0.111767335406822,0.0733778752930946
0.33659291593085,0.0902021013047749,0.536238462173595,0.0369665205907804
0.285241940397198,0.307697414548188,0.26819511504357,0.138865530011045
0.197279273027036,0.0518936074717273,0.734391511861934,0.0164356076393034
0.228401767844498,0.42562094403319,0.149319162134519,0.196658125987793
0.401464852642237,0.307747953240164,0.210672324577265,0.0801148695403338
0.265510752177867,0.128102428359381,0.536984802041958,0.0694020174207946
0.356773736036183,0.254190493392796,0.301397443421279,0.087638327149742
0.279294822935471,0.408872881550463,0.170823168795341,0.141009126718725
0.275489304562758,0.293884914973937,0.263842967638928,0.166782812824376
0.148349164614997,0.425166113712782,0.0776705512480024,0.348814170424219
0.364923054660442,0.401115296780158,0.125095804052971,0.108865844506429
0.146808147993954,0.0526280748394445,0.782111449157892,0.0184523280087091
0.41333786331169,0.226709708700145,0.294735018548761,0.0652174094394029
0.250327950025028,0.107484146041937,0.601847505096968,0.0403403988360666
0.412751732535036,0.252162665701402,0.254336039681636,0.0807495620819262
0.125526816063715,0.35892896122612,0.0508764878491067,0.464667734861058
0.27471659692883,0.184762029508521,0.421431245812954,0.119090127749695
0.194676245644923,0.289039641044657,0.144390414006917,0.371893699303503
0.207373519890909,0.322673882439544,0.121518446658527,0.34843415101102
0.351285738052696,0.398910608685869,0.110693154533685,0.13911049872775
0.195325387772102,0.409763514170068,0.0941707186298233,0.300740379428007
0.0901348360588036,0.174020665135165,0.043485890533834,0.692358608272197
0.140952753122738,0.233243557120903,0.0819519519032767,0.543851737853082
0.142840811017819,0.375630088710066,0.0743095298886205,0.407219570383494
0.146443774440275,0.394282597438257,0.0684409572324056,0.390832670889062
0.342891056014748,0.267009032810524,0.292660689167899,0.0974392220068291
0.261925955662139,0.125816679600641,0.559829398592676,0.0524279661445444
0.362022869542152,0.113312589633276,0.472729342012642,0.0519351988119298
0.365673923043632,0.155677835921258,0.419301849009877,0.0593463920252327
0.20793474439208,0.576911682243095,0.095423372079816,0.119730201285009
0.306962419665189,0.118775145673882,0.533947717532179,0.0403147171287497
0.269718054933737,0.218045980528932,0.355052080894074,0.157183883643257
0.491885228317704,0.143662673702522,0.321847499788083,0.0426045981916908
0.411199973849487,0.150916768119168,0.393693926440018,0.0441893315913267
0.274216007464635,0.303289206273753,0.171507901972483,0.250986884289129
0.244120136635354,0.421908665173935,0.151992941072802,0.181978257117909
0.178431312629603,0.405781943943647,0.108291130185877,0.307495613240873
0.139144692807567,0.0617596076021792,0.773297466955873,0.0257982326343805
0.35754265837604,0.40066814874421,0.144459326218737,0.0973298666610135
0.154553756439302,0.257689236299618,0.0861903569624778,0.501566650298602
0.300063497160845,0.205817768039493,0.338780766564204,0.155337968235457
0.119038522285872,0.498391943230752,0.0487201351939072,0.333849399289469
0.133159881576766,0.0578537412646253,0.784218692298989,0.0247676848596195
0.355190555864179,0.253042114241678,0.277982868349335,0.113784461544808
0.359805704983903,0.415488507932177,0.0997806291238395,0.12492515796008
0.378292846316198,0.123401253164191,0.448096610271521,0.0502092902480901
0.20973550627875,0.320338701506674,0.136928617209669,0.332997175004907
0.310329469241868,0.318594086891909,0.203756149134051,0.167320294732172
0.342709290116109,0.207069952271033,0.326609100486393,0.123611657126465
0.0587257286785537,0.147862924276298,0.0272569744655981,0.76615437257955
0.338936803228719,0.315282922961067,0.129010193852657,0.216770079957557
0.113428171671314,0.780039558939805,0.030446012005265,0.0760862573836153
0.212256821393809,0.65130198001396,0.0643165186507684,0.0721246799414625
0.313290932120419,0.163042711748155,0.46148251783471,0.0621838382967162
0.0831756010898003,0.158383851925537,0.0416650073840791,0.716775539600583
0.238685035453531,0.121433910185463,0.572357634868255,0.0675234194927506
0.460792978236858,0.356771647041173,0.0995310593328134,0.0829043153891563
0.296602975111029,0.202908505362439,0.423666919622193,0.0768215999043389
0.301395771460498,0.302431840831784,0.284154365159084,0.112018022548634
0.850616315212214,0.0408389541487474,0.0981083335480976,0.0104363970909409
0.177226197169667,0.261071136617165,0.115670168801579,0.446032497411588
0.391881285506127,0.143904842020134,0.423999040702423,0.0402148317713163
0.105752701842325,0.0313572895531446,0.850648000480142,0.0122420081243878
0.367834246791465,0.267447885796151,0.243658943981698,0.121058923430685
0.250728871225473,0.0939323478361307,0.61203388951908,0.0433048914193164
0.544812867741686,0.157490056877021,0.248850790552832,0.0488462848284608
0.257756145527451,0.164292685560767,0.487003155281617,0.0909480136301652
0.068211253180145,0.156483416074095,0.0297030656724116,0.745602265073349
0.3470118482366,0.194895144154463,0.354683744671699,0.103409262937238
0.426931208566634,0.308954604824998,0.203259314227375,0.0608548723809929
0.213409334999847,0.430235277111054,0.129046587429911,0.227308800459189
0.307849968948901,0.201693257065691,0.341657246537757,0.14879952744765
0.1616272478397,0.0698994538106615,0.737739295686708,0.0307340026629305
0.340751436456744,0.378826565057924,0.154665402879439,0.125756595605892
0.247504329807665,0.110773571855618,0.600942626336186,0.0407794720005311
0.335329958124693,0.161521030661081,0.452939963638326,0.0502090475758998
0.938498508754676,0.0350100634819836,0.0206489208493739,0.00584250691396692
0.294573837106912,0.335178117490543,0.152389172957993,0.217858872444552
0.246254926325858,0.542553544413362,0.093689692769183,0.117501836491597
0.22269637998476,0.121218634927411,0.591999565075393,0.0640854200124366
0.526995514399243,0.249473351480829,0.176975163143693,0.0465559709762347
0.2934137540319,0.16038145128557,0.484269750819909,0.0619350438626215
0.26396641346665,0.145206891139966,0.537406125504849,0.053420569888535
0.326892523674217,0.158563341625283,0.421596912873866,0.0929472218266327
0.204179061711643,0.453197043989904,0.0644732153568613,0.278150678941592
0.278686766045578,0.371454374607687,0.201480434883183,0.148378424463552
0.143351228783015,0.347227971750663,0.0523085737283623,0.457112225737959
0.377630809690085,0.113094584287604,0.472335603533334,0.0369390024889773
0.230293521900759,0.365206503206736,0.101217637538591,0.303282337353914
0.69173154506168,0.206915940526324,0.0647806148556278,0.036571899556368
0.245552437744449,0.365858569255255,0.123235607788624,0.265353385211672
0.259634254960913,0.103957684708623,0.596484206868646,0.0399238534618176
0.273839881247641,0.162943277026652,0.458398413762438,0.104818427963269
0.352800927093844,0.153443010720104,0.409074519609864,0.0846815425761873
0.0649134149309618,0.144102968477718,0.0343903197352361,0.756593296856084
0.254588938609497,0.295182786687869,0.131920304749822,0.318307969952812
0.355994497247661,0.219741252401333,0.318822201854672,0.105442048496334
0.186887956851761,0.352984073781754,0.12038327877592,0.339744690590566
0.0881370333321859,0.0280539393186929,0.873014525820243,0.0107945015288783
0.0914601624495328,0.0348595279540526,0.858831371570408,0.0148489380260068
0.236915637033357,0.286172880302066,0.122898522257057,0.35401296040752
0.277078944679391,0.370945047406883,0.113307228798871,0.238668779114855
0.447365726177142,0.14493172331579,0.368957230228182,0.0387453202788856
0.480047645036458,0.32974301141911,0.0956418402906264,0.094567503253805
0.211944832538477,0.344514218117409,0.0843445592551212,0.359196390088993
0.155032927468818,0.545320964744468,0.0764454478993717,0.223200659887342
0.328436296111678,0.251642330985829,0.32886796645089,0.091053406451603
0.221130272939251,0.106550265062668,0.626188056631069,0.0461314053670116
0.425236874165772,0.334231120350898,0.166684507771034,0.0738474977122968
0.228417803826133,0.127756929150601,0.582799505111583,0.0610257619116834
0.106315585965818,0.210543357006421,0.0646066621359722,0.61853439489179
0.148265643749152,0.0575361301513006,0.767757700829396,0.0264405252701521
0.309755907066182,0.411174041720625,0.166995494889251,0.112074556323942
0.524529736333641,0.279931870719093,0.141415789333447,0.0541226036138186
0.313828596894561,0.137556361647108,0.505269126373734,0.0433459150845963
0.100096537574563,0.304568526532011,0.0413719004120787,0.553963035481347
0.485637264747082,0.252564162707949,0.211893028059619,0.0499055444853508
0.0575895359377223,0.901232499383045,0.0140039148055624,0.0271740498736707
0.332949189855803,0.265266765065798,0.311085013100335,0.090699031978064
0.610831247610103,0.216039544784498,0.11295378448509,0.0601754231203093
0.563805030557888,0.165628034871518,0.204747925110207,0.0658190094603862
0.0217383309785633,0.053126498160702,0.010156689902987,0.914978480957748
0.258379132534352,0.398699859423677,0.106848319556019,0.236072688485952
0.303270576434688,0.143237787507076,0.507489094407321,0.0460025416509145
0.690120712256616,0.136332600510029,0.13191472334517,0.0416319638881846
0.311479824319006,0.218713443596,0.300584706006023,0.169222026078971
0.334546850382037,0.499896615308918,0.0862963551502017,0.0792601791588429
0.139792645350117,0.59411187474477,0.0581090336746906,0.207986446230422
0.412205287338545,0.209019798858515,0.295241804325507,0.0835331094774322
0.2657069048849,0.154631058890408,0.506626634348986,0.0730354018757055
0.644427977876939,0.208447744784343,0.1123031246009,0.034821152737819
0.285003858777183,0.143515416465836,0.489982271903962,0.0814984528530189
0.194719180629379,0.576353030256165,0.0715877010549072,0.157340088059548
0.0976999137779339,0.232769194177177,0.0541153945213661,0.615415497523523
0.0767425526699662,0.820302786905969,0.0260922682851086,0.0768623921389563
0.213495541488775,0.104470039166919,0.639537606102607,0.0424968132416994
0.153261034258554,0.23277842926465,0.102600075358699,0.511360461118097
0.440284225640302,0.285460478972661,0.137148719354801,0.137106576032236
0.227145806911797,0.123060189413306,0.583300767719327,0.066493235955569
0.376720765440193,0.256350994198693,0.207389324172638,0.159538916188476
0.416043280936165,0.318235697671155,0.195311860084795,0.0704091613078858
0.33968919135131,0.284853533261205,0.216099800440874,0.159357474946611
0.405763702167103,0.334414679587863,0.183129255211877,0.0766923630331571
0.512812453994572,0.35443813702872,0.0916061452524483,0.0411432637242604
0.251840836828021,0.113921028942906,0.576182570211458,0.0580555640176147
0.284834855203383,0.164902988284057,0.464809400351329,0.0854527561612316
0.254179765619767,0.514390582308069,0.108862975030378,0.122566677041786
0.343059220179776,0.0765063808762406,0.553819207330454,0.0266151916135287
0.282014293171675,0.365991281881633,0.157269954002435,0.194724470944257
0.446052001838677,0.151954840227015,0.350212032582032,0.0517811253522754
0.297440282956594,0.459368574064223,0.144326411729175,0.0988647312500073
0.153035423411944,0.277907407682317,0.0679012346110845,0.501155934294655
0.314303447735701,0.0889768199809552,0.566600524715491,0.030119207567852
0.172636000394387,0.310275237349563,0.0789449960449046,0.438143766211146
0.228465886445892,0.385842195116502,0.164443868518174,0.221248049919433
0.132276927665446,0.268486049182832,0.0799730740851365,0.519263949066586
0.440094719255078,0.169372819439921,0.338569971654513,0.0519624896504876
0.153660449536819,0.291369382838288,0.100600361805065,0.454369805819827
0.233701404407104,0.572076866456954,0.062653528627145,0.131568200508798
0.689024389164753,0.138807718106313,0.142004699499222,0.0301631932297117
0.160882186231945,0.0682907855409953,0.741108073404231,0.0297189548228284
0.243637096917993,0.119089788164135,0.58682026220778,0.0504528527100917
0.307441720535548,0.161398384711031,0.453970840133743,0.0771890546196777
0.174919614475171,0.231783542392203,0.103130614329417,0.49016622880321
0.342170713778655,0.244547361077778,0.290776407621854,0.122505517521713
0.193719603291917,0.292750773421876,0.110599105792435,0.402930517493772
0.177911888262571,0.0759448694803368,0.711578656296651,0.0345645859604411
0.287479172840294,0.211231101334416,0.384767689587503,0.116522036237787
0.317835434901838,0.293849421931787,0.206673272619279,0.181641870547096
0.587029777082708,0.211656031044472,0.158035477261187,0.043278714611633
0.329894524836165,0.169014075353846,0.442578662194391,0.058512737615598
0.152690714747515,0.0456567213544944,0.785075551767197,0.0165770121307933
0.32489772842079,0.143725780288341,0.487471415151237,0.0439050761396318
0.18543695643466,0.0867169278010636,0.692668888473418,0.035177227290858
0.310350768977314,0.230304416871313,0.374148314759381,0.0851964993919922
0.14718370111059,0.293546222063945,0.091626966022377,0.467643110803088
0.141299512503949,0.221689561005645,0.0918822885851008,0.545128637905306
0.0859411234825779,0.275612032051434,0.0329552920003175,0.605491552465671
0.475124173362338,0.218197804318905,0.247821685126401,0.0588563371923552
0.149731759900363,0.0499248949437154,0.781324189999516,0.0190191551564059
0.444896164476614,0.390729140194486,0.0868046894961815,0.0775700058327186
0.113036750018727,0.277640152562094,0.0642288940626376,0.545094203356541
0.185173773009399,0.286388163055064,0.0795243505100473,0.44891371342549
0.124843244288061,0.361573430430322,0.0501073315071915,0.463475993774425
0.131364211530335,0.300448949407631,0.0775274659897568,0.490659373072278
0.199013003219625,0.356408348962055,0.132264471985122,0.312314175833197
0.263353701588718,0.11207053564813,0.581622720781685,0.0429530419814666
0.36119123601804,0.378820669677614,0.138045055743696,0.12194303856065
0.0797094070352915,0.210152829377227,0.0418831058848019,0.668254657702679
0.158159357176625,0.0740701827590745,0.735110653250368,0.0326598068139322
0.261835951010547,0.1342591162426,0.553073799557541,0.0508311331893119
0.129386353163446,0.428307098356407,0.061824025169022,0.380482523311124
0.254877122208679,0.255023941088673,0.281079993071624,0.209018943631025
0.343141976207206,0.0767067818822714,0.554783883091017,0.0253673588195051
0.434985555696381,0.189153078748997,0.274186119195243,0.101675246359379
0.456359953701598,0.189355117927528,0.273570385878706,0.0807145424921684
0.228341754503763,0.480774176681703,0.130825272993045,0.160058795821488
0.186764211826268,0.695425574370637,0.0482346324382262,0.0695755813648688
0.22049077373093,0.267799821943358,0.124313779681696,0.387395624644016
0.163545553950103,0.0631649594006189,0.744356685099189,0.0289328015500885
0.3376592186047,0.0851770029590413,0.552217090183056,0.0249466882532031
0.624925291706718,0.0931546613872936,0.253521291332394,0.0283987555735946
0.438272098420106,0.222437391195224,0.234328721150824,0.104961789233847
0.287954255672925,0.170886103515809,0.477260297015755,0.0638993437955108
0.17310434297083,0.42733913025128,0.0908034895389199,0.30875303723897
0.157255959323679,0.0563113985593755,0.761777443173913,0.0246551989430323
0.133041321758068,0.250343695399195,0.0784622210233914,0.538152761819345
0.0983546914532209,0.166268778164034,0.0534519448171921,0.681924585565553
0.482121103557657,0.167756294216472,0.274654821597588,0.075467780628283
0.314309138560871,0.311184578277197,0.249082037172736,0.125424245989196
0.253705860685478,0.283579337809352,0.181178986656256,0.281535814848914
0.280322070730819,0.581537565791711,0.0662002481137747,0.0719401153636952
0.744930070214276,0.113447021072837,0.119693005296292,0.0219299034165942
0.39250735264419,0.236175365248049,0.236673392881269,0.134643889226492
0.263304865743426,0.152379290686368,0.513353863664908,0.0709619799052982
0.10840566890534,0.380964793013296,0.0517129194888636,0.458916618592501
0.342049271768259,0.262151015573302,0.207752496504844,0.188047216153595
0.0848235316324963,0.210988994914069,0.0466008886485591,0.657586584804876
0.382415404316087,0.147290339925726,0.418520880957954,0.0517733748002333
0.217027996642045,0.365065417551313,0.145859842711031,0.272046743095611
0.554379689502751,0.132908253441105,0.270313401370706,0.042398655685438
0.355970565101132,0.297152638793903,0.266661744622533,0.0802150514824313
0.192442211116186,0.452107384143704,0.104507994959941,0.250942409780169
0.138176248527036,0.62971844776378,0.0453811517739244,0.186724151935259
0.210795893941702,0.280295224601428,0.156008524357497,0.352900357099373
0.240167408840957,0.137112348258767,0.551689308788124,0.0710309341121513
0.783005505287731,0.0556754489454846,0.147217489766582,0.0141015560002026
0.199311653536394,0.0812530368092625,0.680141234927921,0.039294074726423
0.400292853781682,0.0577233414406887,0.524388049076891,0.0175957557007382
0.155529245224159,0.31350983832005,0.0976398836753984,0.433321032780392
0.214466605573965,0.0731186801827148,0.684298398155647,0.0281163160876728
0.327790499443371,0.123521870123942,0.496029359245928,0.0526582711867586
0.139737365066699,0.0518212446421632,0.786581694368115,0.0218596959230222
0.249991906647437,0.464587356196215,0.0761144829411837,0.209306254215165
0.162274294918319,0.0305110449457076,0.797062347169067,0.0101523129669065
0.305333375960957,0.190040096777571,0.37884082453222,0.125785702729253
0.562722173029823,0.0943585118025006,0.316397392015913,0.0265219231517637
0.112080478617942,0.0457211406877815,0.823376618811875,0.0188217618824016
0.161096048893858,0.322634729202556,0.102526068787278,0.413743153116308
0.445143140786646,0.113796100871571,0.406840893369928,0.0342198649718545
0.291753702702833,0.230290920460793,0.360414529394595,0.117540847441779
0.239643342053449,0.137206636382954,0.561517749483939,0.0616322720796576
0.288761027914334,0.362751558342363,0.124670703027299,0.223816710716004
0.273738841044635,0.438422092675209,0.0930422979622958,0.19479676831786
0.182967037289911,0.0817816968233397,0.696733262738652,0.0385180031480967
0.300360525451129,0.117170292992431,0.544522594188337,0.037946587368103
0.233581029907008,0.103380922898682,0.623853055666376,0.0391849915279337
0.396330174843006,0.0963806326673283,0.480868798260063,0.0264203942296025
0.412636537141734,0.151335155599651,0.386810386395373,0.0492179208632416
0.120853439118524,0.248656763596498,0.0650111914693411,0.565478605815637
0.253907338345628,0.125008411827225,0.567632741299162,0.0534515085279849
0.192509719025238,0.088857503888474,0.67726788270034,0.0413648943859474
0.449668710427315,0.19375181856055,0.309738621044213,0.0468408499679215
0.277060051341161,0.165894442765852,0.479122051449578,0.0779234544434083
0.154621640168202,0.0645790501841779,0.75414882379489,0.0266504858527296
0.152754247599396,0.0639137786432514,0.758421022545431,0.024910951211922
0.295936850887257,0.208874465116563,0.416706928271561,0.0784817557246197
0.18135931667169,0.270834015022997,0.125571668407448,0.422234999897865
0.278683273204315,0.177359466919584,0.456653207721867,0.0873040521542345
0.259361012632278,0.469084841375435,0.133291380305154,0.138262765687132
0.301569460470014,0.254743115174527,0.337455835890416,0.106231588465043
0.115078197016549,0.426041609451619,0.048607084197203,0.410273109334629
0.205353134177564,0.0734261792879433,0.69537109885849,0.0258495876760028
0.370307626157505,0.242165414945565,0.319900141195972,0.0676268177009582
0.305917013467413,0.448442281137891,0.143395185349778,0.102245520044917
0.251991663128692,0.14629127305792,0.540759109060007,0.0609579547533813
0.630015562798873,0.0674756736571179,0.281929400218297,0.020579363325712
0.277024563197445,0.282381296795179,0.173626120511819,0.266968019495556
0.396004868222894,0.204807512906401,0.298796824242935,0.10039079462777
0.131528456604876,0.214273578170998,0.0854438067514948,0.568754158472631
0.295771140407479,0.483236018235701,0.0937565845446153,0.127236256812205
0.302076010185602,0.25282647859326,0.204419221559362,0.240678289661777
0.284756675571699,0.384809391070061,0.136425755033157,0.194008178325083
0.314330468293554,0.295032989964399,0.253612929438344,0.137023612303703
0.135576630808321,0.373730295834373,0.060764597447131,0.429928475910175
0.398971677585097,0.304176345454994,0.180067908156961,0.116784068802948
0.263662882257909,0.13284911516674,0.538699353045467,0.0647886495298836
0.270172920820668,0.135801136554723,0.519245887809632,0.0747800548149769
0.402968821729405,0.120243250744426,0.429822971871682,0.0469649556544869
0.431739881383994,0.316292255756154,0.186202053728922,0.0657658091309307
0.330153354384978,0.476272464080959,0.0992232600106262,0.0943509215234371
0.0965863150811405,0.722449706793109,0.0372817532424735,0.143682224883277
0.100390619059808,0.190591146628214,0.0585879035499104,0.650430330762068
0.138333420020362,0.62182914928523,0.0474564371694464,0.192380993524961
0.18590577739968,0.311351864426551,0.130898343614816,0.371844014558953
0.307680408805563,0.209250070697265,0.333864221720178,0.149205298776994
0.273392175476884,0.162727003815881,0.465536548958965,0.0983442717482696
0.414308978996847,0.220375993633722,0.236523928799723,0.128791098569707
0.616811405382627,0.080883245439219,0.277397980204565,0.0249073689735894
0.465871165453777,0.301033096330312,0.13314878718068,0.0999469510352305
0.112722932749631,0.344617722095956,0.0454700661542711,0.497189279000142
0.0951934405600032,0.173554074145421,0.0497262227303938,0.681526262564182
0.530853516649982,0.134316719761801,0.284648458484995,0.0501813051032223
0.353782115928801,0.288122027898964,0.149839698420551,0.208256157751685
0.228383833462925,0.0872973052600488,0.643762332720166,0.0405565285568602
0.128645844241491,0.524725590196894,0.0517653696043287,0.294863195957286
0.686977082651227,0.220111354940976,0.0653892514396404,0.0275223109681567
0.427533523821699,0.289035872687952,0.2173165951262,0.066114008364148
0.282202576901794,0.257008762791796,0.189511758797168,0.271276901509242
0.186798576632374,0.247697010976959,0.105159682242112,0.460344730148555
0.199987791619967,0.253860754983726,0.116056450754346,0.430095002641961
0.656437043910699,0.174306007270905,0.123388585161149,0.0458683636572478
0.222239785637978,0.115996467206099,0.606632313648441,0.0551314335074822
0.185346521351128,0.367446612183387,0.0779502449848342,0.369256621480651
0.162315920070981,0.240373946383626,0.10052625648263,0.496783877062763
0.398008019622553,0.273588426299032,0.163584322403029,0.164819231675386
0.289667590221227,0.267261185419189,0.282527755696041,0.160543468663542
0.184778947801698,0.286351908820344,0.0799596137120531,0.448909529665905
0.188094432595545,0.442354814273926,0.0934468031611802,0.276103949969349
0.765833377077716,0.108041472374157,0.103311233914871,0.0228139166332558
0.229827045458817,0.294316098470364,0.122043899858321,0.353812956212498
0.292135434450229,0.329141956376845,0.156222973133456,0.22249963603947
0.24866495126038,0.124358669965571,0.576300096796102,0.0506762819779473
0.263014648561921,0.114228101166963,0.565955851250612,0.0568013990205038
0.0111088788289511,0.0312732711397955,0.00496236193580455,0.952655488095449
0.190669737042259,0.388346757545125,0.113118495353376,0.30786501005924
0.263325209621614,0.396182829872107,0.141874259767519,0.19861770073876
0.345349270344371,0.175510437659848,0.427077347643939,0.0520629443518416
0.190283484087986,0.0827507917901067,0.694697109076308,0.0322686150455991
0.150888931810781,0.389826411419759,0.0709143488871767,0.388370307882283
0.849132730425341,0.0905206186309988,0.0464007426917546,0.013945908251905
0.35485137999224,0.213556255328125,0.362938829870537,0.0686535348090988
0.251262940603591,0.286367866548795,0.175862526784087,0.286506666063527
0.439277036817906,0.168943485081905,0.330043261699148,0.0617362164010414
0.080014371989305,0.219548197044731,0.0360307463228298,0.664406684643134
0.429105293184638,0.384894785847852,0.0901275009191859,0.0958724200483233
0.229562629660662,0.119190527974566,0.588152261589251,0.0630945807755218
0.356164182042265,0.270657913855721,0.260332400298033,0.112845503803981
0.362696060518876,0.0948966088364727,0.512663677519028,0.0297436531256233
0.201407230417096,0.391859269211184,0.127793762195897,0.278939738175823
0.297906918827477,0.139219907282401,0.484489363712671,0.0783838101774519
0.224363845332475,0.656051147852262,0.0438523682771292,0.0757326385381343
0.529809610927871,0.303649601893381,0.114516773810118,0.0520240133686289
0.390524598816028,0.139760213212347,0.424918845394227,0.0447963425773977
0.257674580674704,0.532308328408457,0.0659194142661233,0.144097676650717
0.334330955187658,0.264872637736236,0.28896225019935,0.111834156876755
0.332777693405874,0.423221230847352,0.106354437811241,0.137646637935534
0.1296052478818,0.327526701235642,0.0604262834912747,0.482441767391283
0.14267317833772,0.0527230251436339,0.78241209650013,0.0221917000185156
0.362099049666481,0.236884471649647,0.314399611013514,0.0866168676703582
0.254663518083188,0.10204269866007,0.595442605778361,0.0478511774783806
0.193375043662315,0.60631810568745,0.0853854785308112,0.114921372119423
0.222643958800631,0.127431586178051,0.581256541805007,0.0686679132163105
0.177044940854752,0.0744959444893741,0.714387444615945,0.0340716700399287
0.282225901304132,0.20745514759317,0.389987928858009,0.120331022244689
0.328474992283578,0.161793472521149,0.414945303128877,0.0947862320663963
0.559471342353616,0.0807891965322147,0.332815993335336,0.0269234677788337
0.229480050736173,0.559296458897211,0.102935090988929,0.108288399377688
0.226919344281846,0.28683817432933,0.104467556473174,0.381774924915651
0.413591881135388,0.192395940122499,0.330046974854287,0.063965203887826
0.41478137907525,0.190160124584459,0.290967910419054,0.104090585921238
0.39644304460055,0.166790692691059,0.366568696589307,0.0701975661190838
0.343637172650247,0.254809951151761,0.203988482465801,0.197564393732191
0.179700462537759,0.234308783242906,0.121359223806819,0.464631530412516
0.289485629080785,0.297449651144495,0.133774842161326,0.279289877613395
0.38453749220795,0.370380601157226,0.150768486670452,0.0943134199643723
0.22480103554044,0.127843641267943,0.580533900731565,0.0668214224600514
0.185879607047102,0.271789165282324,0.0961989492602391,0.446132278410335
0.488623310352167,0.089791414759135,0.397170360010969,0.0244149148777288
0.359587185807313,0.234986876499746,0.330947645342977,0.074478292349964
0.280587190810918,0.0697212926815114,0.627564050513202,0.0221274659943695
0.184703494777375,0.0374161684732691,0.76475900626885,0.0131213304805066
0.172465645447407,0.0802490409344534,0.710703866396786,0.0365814472213531
0.115864949845201,0.784281544308374,0.0394354911096868,0.0604180147367383
0.282060387899004,0.142246518689408,0.496433140077372,0.0792599533342156
0.374689485613838,0.456871060427394,0.0970384978090513,0.0714009561497166
0.11860132323475,0.745566110555814,0.0336473483688072,0.102185217840628
0.312196769228977,0.346003348085547,0.149931159206242,0.191868723479234
0.381409026171913,0.223497292676481,0.325533321927888,0.0695603592237175
0.204014679859619,0.0821112928726635,0.684194067078489,0.0296799601892281
0.269501892119676,0.247867272806437,0.292335828114795,0.190295006959091
0.207163487091796,0.0922305461228857,0.661544528863014,0.0390614379223044
0.152994220451221,0.23468942764644,0.102276521645491,0.510039830256848
0.290597369894294,0.391377083844571,0.129178977296484,0.188846568964651
0.244158634018043,0.141518777564547,0.555957311427936,0.0583652769894741
0.252372697892057,0.130676281019555,0.543413300631446,0.0735377204569426
0.711844105401302,0.175384566612632,0.0765442609482378,0.0362270670378281
0.434142208785825,0.243621811003974,0.225355985695182,0.0968799945150192
0.498668803014671,0.309140234887341,0.123563895414119,0.0686270666838694
0.239104564794498,0.406030967764677,0.16463894684869,0.190225520592136
0.292302030608357,0.0928548175773006,0.57778297421879,0.037060177595552
0.120609145400826,0.716251304451016,0.034369967650053,0.128769582498105
0.266634344803473,0.0847617269647046,0.615285238508438,0.0333186897233845
0.0592885055963241,0.147311564396076,0.0273982124776442,0.766001717529955
0.185224790209741,0.525621055750134,0.0565002663199414,0.232653887720183
0.224011368866043,0.354803172017799,0.126792134125012,0.294393324991147
0.245587634187236,0.123955206668465,0.571649294094314,0.058807865049985
0.605373261780583,0.130169344066255,0.227052044126911,0.0374053500262502
0.278207944166584,0.231898481714603,0.268861313102023,0.221032261016789
0.0852348606716942,0.16118033205519,0.0469760557214863,0.70660875155163
0.447395019563334,0.422538434178936,0.0713257835471123,0.0587407627106173
0.24370126527029,0.1268971870571,0.562416841544189,0.0669847061284219
0.476861061548211,0.152821912159788,0.317037403483899,0.0532796228081021
0.214920020432466,0.111672477092712,0.616028233851624,0.057379268623198
0.247933591657657,0.118129355983429,0.579468605749212,0.0544684466097016
0.320158783837168,0.546148250834128,0.0804360933473223,0.0532568719813818
0.115613715370208,0.347112047475019,0.0526414191323751,0.484632818022398
0.326365399806541,0.216999544444864,0.313228423145686,0.143406632602909
0.132645935964816,0.208237978584825,0.0855449729026899,0.573571112547668
0.196027991155286,0.0929446942329638,0.665028006708693,0.0459993079030569
0.286358009839013,0.218298387212025,0.323796934291682,0.17154666865728
0.656089823905756,0.145199084163351,0.151024442143825,0.0476866497870682
0.23561877167736,0.288386875615765,0.13086245521922,0.345131897487655
0.302377756502526,0.10528786733607,0.551793333743597,0.0405410424178061
0.237621419451242,0.140352151325606,0.550741599745187,0.0712848294779643
0.506836540033083,0.122363604947538,0.325497062812139,0.0453027922072392
0.325088503598184,0.534017198181576,0.0588667652310583,0.0820275329891816
0.28692005703115,0.145204730772787,0.500948131384041,0.0669270808120218
0.235827134657484,0.116868728743361,0.584784188711791,0.062519947887364
0.390095735279246,0.148622608859936,0.400783978182488,0.0604976776783304
0.374107393882253,0.407533312699087,0.149958860984397,0.0684004324342631
0.259687986946079,0.131067358448473,0.545584978519292,0.063659676086156
0.286055021492126,0.273751633517215,0.21549370794407,0.224699637046588
0.862859833515491,0.0452751532020574,0.0796910324930119,0.01217398078944
0.108700597360345,0.191785956738627,0.0650400171176927,0.634473428783335
0.0857776320639506,0.699649362424624,0.0304409853037557,0.18413202020767
0.282608886666211,0.36355281232647,0.126752060307102,0.227086240700217
0.172069123619351,0.045666202622364,0.766397656925764,0.0158670168325207
0.270100726454906,0.160848319710465,0.46746938946894,0.101581564365689
0.150146259832566,0.374999685985785,0.054702660568804,0.420151393612845
0.296630756536484,0.562018289777484,0.0780802400626929,0.0632707136233391
0.146714191158567,0.0572107784222353,0.770282427383029,0.0257926030361688
0.307866999746494,0.219066353509986,0.386012798868639,0.0870538478748804
0.184038831610879,0.0846701068256015,0.690155882937116,0.0411351786264034
0.202361923304372,0.044835560604708,0.737686442195658,0.0151160738952618
0.414959096550978,0.314477555425585,0.202260110690471,0.068303237332966
0.323390061594198,0.214884261805919,0.299569419686275,0.162156256913608
0.215536274166986,0.254631888625702,0.156003584474992,0.37382825273232
0.48339428227238,0.179613848434818,0.269506318487924,0.0674855508048783
0.246086420070108,0.271783693866211,0.247022399844394,0.235107486219286
0.150006994331408,0.729942966710262,0.0432803427460882,0.0767696962122418
0.337968906418475,0.113674286790589,0.509012646343126,0.0393441604478098
0.633140557478201,0.0980646553150609,0.236415923856224,0.0323788633505142
0.469310052433116,0.276553303667233,0.189089181476525,0.065047462423126
0.263048398261998,0.10583268468047,0.58651827559447,0.0446006414630614
0.0819343415503995,0.307883192722804,0.0368769261099316,0.573305539616865
0.307019814329569,0.146558501656852,0.462872106887392,0.0835495771261863
0.228477940212757,0.102861394729849,0.6306005510482,0.0380601140091942
0.25437095643325,0.0959320378776583,0.60555101025621,0.0441459954328817
0.23559131960099,0.136438365676484,0.551560431581722,0.0764098831408044
0.124617413221138,0.467293678642518,0.0493902735455922,0.358698634590751
0.259245391803826,0.526092756671343,0.0882335063470874,0.126428345177744
0.264020466698612,0.096405350866147,0.607771565752195,0.0318026166830467
0.207623291908182,0.106705916797008,0.630686416356364,0.0549843749384466
0.474847119890405,0.171545019329694,0.310297189404369,0.0433106713755318
0.257718215178986,0.146370978980938,0.512684189843323,0.0832266159967535
0.112925821072493,0.785390312030823,0.0377063570727358,0.063977509823948
0.258371720054527,0.153790047668684,0.507592373750066,0.0802458585267229
0.197689516601665,0.502573309234626,0.0969755210724175,0.202761653091291
0.136298080844788,0.45655873014499,0.0678599672798012,0.33928322173042
0.232931197667084,0.248976037949456,0.166023753116852,0.352069011266608
0.296506469375935,0.120259345056997,0.526049615256497,0.0571845703105706
0.114779192609177,0.443274706528804,0.0499482154993717,0.391997885362648
0.0738479998953966,0.0214745631056414,0.896598780786488,0.00807865621247421
0.151418922304917,0.229499985914614,0.0936821385351193,0.525398953245349
0.248307377733192,0.158711175570711,0.498379652301184,0.0946017943949126
0.0304895854229657,0.0822030224445127,0.0150214421796759,0.872285949952846
0.520537341124436,0.320347658789333,0.0896752759414789,0.0694397241447516
0.283975516786664,0.121217957441909,0.5313403692744,0.0634661564970265
0.233202993607147,0.126019239604601,0.573886346823314,0.0668914199649377
0.27310156725932,0.108412912419656,0.564565905579074,0.05391961474195
0.188074408633759,0.351325324381089,0.110072608108619,0.350527658876533
0.173781109000883,0.611635226748765,0.0595262467738423,0.15505741747651
0.112076580807848,0.0277144395675609,0.851089205802299,0.00911977382229224
0.527427579483798,0.205033640505078,0.205553163335945,0.061985616675179
0.198715953817677,0.104353827926217,0.645691571729473,0.051238646526633
0.320202033111582,0.17751427547659,0.385619647220859,0.116664044190969
0.463968917035344,0.298656943209049,0.145696442862382,0.0916776968932251
0.306519211107293,0.333729497197289,0.157969458721286,0.201781832974132
0.274533867596924,0.221548477627177,0.33819182993357,0.165725824842329
0.328658859368131,0.175307311974125,0.4127476120798,0.0832862165779443
0.331748539854822,0.207006455109528,0.312000243933651,0.149244761101998
0.404584962530064,0.225697572201404,0.269266380278603,0.100451084989929
0.101349491831719,0.329598165741738,0.0509619223985749,0.518090420027968
0.284899386162383,0.192401802676756,0.396365809683077,0.126333001477784
0.470458503732119,0.210815189587248,0.22446824113741,0.0942580655432231
0.202953761025801,0.3507752820616,0.102880464920061,0.343390491992538
0.0982092636373303,0.256665416582199,0.0439703954515703,0.6011549243289
0.296353680194045,0.0953717518266002,0.566841952115947,0.0414326158634082
0.418215678623525,0.10738139575372,0.438197255121904,0.0362056705008503
0.464736709567067,0.202576827353176,0.249546380202164,0.0831400828775931
0.166629001798496,0.0540678323542426,0.755520326774755,0.0237828390725061
0.314721259537361,0.193474285242856,0.358583147159744,0.133221308060038
0.371299355724303,0.452690330968368,0.114972829598259,0.0610374837090692
0.189615571306896,0.242189789090342,0.133041708690486,0.435152930912277
0.197635362654835,0.0861881384613854,0.674791602848344,0.0413848960354356
0.368425573473272,0.232733454744442,0.332071707940104,0.0667692638421825
0.112779526088539,0.220721483017246,0.0682229464043855,0.598276044489829
0.484699813859696,0.248099155510839,0.173358560221716,0.0938424704077493
0.27365274339644,0.330327745166899,0.106566980549106,0.289452530887555
0.139814128556718,0.214738182656446,0.0914484689499776,0.553999219836858
0.208583989914517,0.297996562913944,0.110964815782442,0.382454631389096
0.438318562916448,0.277669172925493,0.217159478355583,0.0668527858024755
0.390446948170387,0.247153420882372,0.279063726015418,0.0833359049318236
0.283261609221138,0.469653564981928,0.0810317888258939,0.16605303697104
0.226312753976113,0.352872922913052,0.0985684874274171,0.322245835683418
0.237839457242776,0.129602880363385,0.56001491640516,0.0725427459886791
0.109803289008422,0.195696006546348,0.0526591197608626,0.641841584684368
0.156639885058377,0.231187277248314,0.0845040809477289,0.52766875674558
0.366575050820306,0.120435438680648,0.471429208281019,0.0415603022180261
0.430103174504005,0.157060438232975,0.37219827519594,0.0406381120670797
0.125996488176591,0.207820906184573,0.0803925171473918,0.585790088491444
0.210014173865229,0.343346716941443,0.156174196067938,0.290464913125391
0.282363038658076,0.147762065283019,0.488399477010161,0.0814754190487445
0.0927493637157237,0.181808017486971,0.0516423927826796,0.673800226014625
0.354206063244927,0.242329501387362,0.311821250491521,0.0916431848761901
0.260407759939421,0.100584056393346,0.59183680715778,0.0471713765094541
0.280650001950007,0.1198779609296,0.561280095562846,0.0381919415575481
0.188483024229481,0.334275310204497,0.114901463578674,0.362340201987348
0.253871281836768,0.126246643973762,0.555608456565042,0.0642736176244277
0.627457891659359,0.209209783757642,0.115279983204144,0.0480523413788543
0.308411005153785,0.40583591404462,0.152674617319037,0.133078463482558
0.245540438371763,0.536679329559456,0.103790927010738,0.113989305058043
0.328879647375331,0.194471083781558,0.361955135706494,0.114694133136616
0.172724187362265,0.406540013041431,0.102470687726017,0.318265111870288
0.123403998424436,0.344048909243064,0.0452526193128514,0.487294473019649
0.286423203825488,0.482939145626881,0.136009389889576,0.0946282606580548
0.648809097187193,0.143535718541557,0.160849303715714,0.0468058805555351
0.0971104933844997,0.586690606114436,0.0387435306864373,0.277455369814627
0.563933086914027,0.225718287991185,0.152982818459468,0.0573658066353206
0.257540398164312,0.410296243083319,0.15945579826319,0.172707560489179
0.355172775401295,0.314021820972842,0.129083634759695,0.201721768866168
0.357702226408588,0.234892907149819,0.233440202675197,0.173964663766397
0.0758228965879211,0.837338040277593,0.0262955472671481,0.0605435158673385
0.26778962867087,0.536950252465929,0.107141527537404,0.0881185913257966
0.463103919223712,0.274168640216583,0.139047044784997,0.123680395774708
0.150458456083111,0.22625411166059,0.101613536073749,0.521673896182551
0.292479476941825,0.444998929798313,0.131115176242674,0.131406417017187
0.355187387718513,0.292636955266664,0.217125995925191,0.135049661089632
0.400778884529375,0.213713733229013,0.256718830720137,0.128788551521475
0.484064280262544,0.141749334511912,0.333056792190897,0.0411295930346465
0.12536070778354,0.259415903751233,0.0702799265010156,0.544943461964211
0.104494825762026,0.184699597979049,0.0611547727556729,0.649650803503252
0.0718977883170585,0.0175323549742487,0.904425194588955,0.00614466211973795
0.272939995279797,0.114500886412388,0.574007495442252,0.0385516228655627
0.156273356228769,0.237199778798376,0.104857551521764,0.50166931345109
0.475060340775344,0.214136806019748,0.236731184795003,0.0740716684099055
0.150722717422122,0.287091127820559,0.0620398613844969,0.500146293372822
0.637849007585212,0.241544265037336,0.0842174713625229,0.0363892560149288
0.133736259843779,0.299796811017817,0.0760926772012372,0.490374251937167
0.353003979334243,0.196849154704278,0.386754785522527,0.0633920804389512
0.219446310160112,0.520424565688503,0.115547061619428,0.144582062531957
0.238832993497207,0.287237100923643,0.115717377840045,0.358212527739105
0.194998087378179,0.254464905205663,0.149372489550731,0.401164517865427
0.248797976256537,0.60469480003711,0.0733418246572683,0.0731653990490843
0.0794021211645333,0.174909537856727,0.0454263631355056,0.700261977843234
0.323563101028556,0.380151439807088,0.195501480770734,0.100783978393622
0.135883852879571,0.27479858925177,0.0849299274284736,0.504387630440185
0.260640973060159,0.5094722550429,0.116013018432861,0.11387375346408
0.200657999843253,0.318704276306248,0.0988126220222628,0.381825101828236
0.0694336233927436,0.169415458736872,0.0350674109157898,0.726083506954595
0.380083997702503,0.354576675193542,0.169735239029833,0.0956040880741221
0.30506400143608,0.300033397184682,0.221297481156286,0.173605120222953
0.534401450243761,0.190486770363378,0.202196011325947,0.0729157680669141
0.388968188633246,0.198734848667999,0.310043865870628,0.102253096828128
0.537155961230602,0.175175499942993,0.238163157744075,0.0495053810823297
0.202900707735992,0.0753228140866674,0.694211296077771,0.0275651820995695
0.115140533434691,0.370405502588521,0.0545848851265302,0.459869078850258
0.447476133574579,0.364961343282045,0.118086450253368,0.0694760728900078
0.302864976945002,0.334383840743803,0.131312368317224,0.231438813993971
0.65855570363957,0.145715901314793,0.166098457557597,0.0296299374880408
0.0670490496899681,0.145789442758286,0.0374693485626489,0.749692158989097
0.273100576463313,0.536741833232702,0.10307934251387,0.0870782477901153
0.427989405644488,0.232590065590979,0.273524388034323,0.0658961407302101
0.0571855885576844,0.127464246781694,0.0266682709254446,0.788681893735177
0.31890576267784,0.378505135532914,0.0975741210367849,0.205014980752461
0.146899122460917,0.32389861074615,0.0578194947009874,0.471382772091946
0.178102138963421,0.39788913258598,0.108835529545727,0.315173198904872
0.342916696523196,0.206975697205223,0.337955258761593,0.112152347509987
0.196353987134523,0.334398198128898,0.0876175694078464,0.381630245328733
0.305965586908947,0.171477778949822,0.419584436210738,0.102972197930492
0.51462503466626,0.148497872296752,0.273324218077723,0.0635528749592658
0.387795974744149,0.104355290565716,0.476519372052321,0.0313293626378143
0.208789494038955,0.250945801578866,0.147577785252356,0.392686919129823
0.254212909773852,0.547202092430272,0.0741744942314777,0.124410503564398
0.489679427019647,0.152629389558232,0.30479053014773,0.0529006532743915
0.346822350128827,0.187615890588396,0.351506200254105,0.114055559028673
0.261865490230601,0.130831042575336,0.536811267200949,0.0704921999931139
0.19837694321627,0.0904231567181881,0.671962468498484,0.039237431567058
0.272226641524067,0.133778764383862,0.539539740628299,0.0544548534637723
0.262382983041662,0.253893773523677,0.310138943772745,0.173584299661915
0.38191059184372,0.336874854832701,0.186845778832143,0.0943687744914361
0.479742044769233,0.208957534108871,0.239599318017845,0.071701103104051
0.285717313947096,0.102242852692569,0.578219387614865,0.0338204457454702
0.462676348224114,0.340569390670598,0.124251245425428,0.0725030156798595
0.478701083695675,0.212300735558397,0.241342273015981,0.0676559077299473
0.117194208514842,0.27261460837176,0.0655961264729779,0.54459505664042
0.114792149572785,0.0394207677393317,0.831206952595762,0.0145801300921213
0.174841742741015,0.0801720954271339,0.710786748549329,0.0341994132825229
0.207992223161055,0.108722489150304,0.628050848021966,0.0552344396666747
0.283583529111955,0.36052204619737,0.220296393634388,0.135598031056288
0.423066025080302,0.363490744139988,0.132539721397385,0.0809035093823241
0.202709322408741,0.097435550880485,0.652332712214262,0.0475224144965118
0.130577522864447,0.242576925791054,0.0636426105118292,0.563202940832669
0.199843799896527,0.47910158653668,0.0719932672977544,0.249061346269039
0.152799128919441,0.220261385909681,0.0953376616752565,0.531601823495621
0.131742611240697,0.30687608484618,0.0758680534770609,0.485513250436062
0.0968975211253936,0.176771782810722,0.0575748652118557,0.668755830852028
0.405028803298264,0.290108232044683,0.146929285754702,0.157933678902351
0.498871142075643,0.338737591033042,0.0846013513830915,0.0777899155082241
0.154348460249919,0.23063066250046,0.100360190502444,0.514660686747178
0.427645342982504,0.136026850501524,0.373650522806472,0.0626772837095003
0.424641635573584,0.138584435893085,0.386533176541875,0.0502407519914558
0.135786669370057,0.325173158893729,0.0557853368208362,0.483254834915377
0.0659097803713004,0.130105229001915,0.0340302698500664,0.769954720776718
0.297907874327485,0.162413854506278,0.441778375453863,0.0978998957123746
0.750214494941723,0.128211729475874,0.0993554855715233,0.0222182900108792
0.277469841661512,0.313527124412004,0.176317482748773,0.232685551177711
0.313856716331207,0.184288427865423,0.423347434483014,0.0785074213203562
0.266208413053342,0.150913155503434,0.518379768312928,0.0644986631302961
0.155122322661446,0.446752584695091,0.0788647818255967,0.319260310817866
0.173197688993307,0.279428365693227,0.0837334840603777,0.463640461253088
0.416675596136404,0.313490055897254,0.15440144492654,0.115432903039802
0.432673172955501,0.284813381740064,0.177030470825656,0.105482974478779
0.267007296032386,0.285680914315402,0.280699902352713,0.166611887299499
0.177450060243488,0.703516261229762,0.0537859440387374,0.0652477344880127
0.286375497025463,0.263343386872071,0.183915070333064,0.266366045769403
0.384697248877501,0.390291556051491,0.15560481598424,0.0694063790867676
0.228269123117634,0.0810158495309568,0.661133542641093,0.0295814847103161
0.377961223119155,0.230459311000277,0.303990370108107,0.0875890957724603
0.09364346161348,0.166206332156555,0.0536552289079751,0.68649497732199
0.479818819257527,0.32705634261219,0.10496025258459,0.0881645855456937
0.171503139015062,0.259666931302866,0.0940514321035765,0.474778497578496
0.520931287778669,0.158522322027634,0.276916289202473,0.0436301009912237
0.270214431236487,0.365290792910176,0.165964331236625,0.198530444616712
0.251490392019186,0.0820422762596904,0.628957531080204,0.037509800640919
0.21383156037831,0.113723997116175,0.615479083239665,0.0569653592658502
0.203397621103276,0.0919454714955217,0.659535315909813,0.0451215914913895
0.356817253562144,0.25655718468751,0.278256922524033,0.108368639226313
0.453984172575955,0.201243924417529,0.296676932134253,0.0480949708722632
0.328519744288775,0.28457794698374,0.269977036066932,0.116925272660553
0.290982691238244,0.207534041705095,0.40020957139687,0.101273695659791
0.436448653494922,0.203504597901501,0.305272574800214,0.0547741738033631
0.0932216664721564,0.392602459290382,0.0405085847722329,0.473667289465229
0.301736395895408,0.593589396750609,0.052189294683943,0.0524849126700406
0.539990034717572,0.243154191612134,0.147796043786703,0.0690597298835911
0.509112671187008,0.17700023343007,0.270927725948001,0.0429593694349207
0.249441077034057,0.126964196503684,0.553783229484339,0.06981149697792
0.146377940817072,0.220939841383182,0.0966506545596102,0.536031563240136
0.0904908559998732,0.243987649828441,0.0469137962780184,0.618607697893668
0.122827222377115,0.207084962626993,0.0711030938493559,0.598984721146536
0.277312212463169,0.289632412110519,0.147656714700469,0.285398660725844
0.325695865451962,0.17898201573954,0.423392553607688,0.0719295652008102
0.458979309775388,0.115724237599778,0.37974232816943,0.0455541244554039
0.207859447232458,0.282827776532833,0.102585511762151,0.406727264472558
0.100323675244227,0.275436737174931,0.0486127187284389,0.575626868852403
0.501411902555917,0.359502148802156,0.0965248853730089,0.0425610632689176
0.499721520694527,0.0802217620543526,0.396644640274274,0.023412076976847
0.145348329773239,0.599778894819617,0.0430260737317488,0.211846701675396
0.208951260223706,0.452121555770451,0.068729938986956,0.270197245018887
0.315691623560542,0.121661092371594,0.514796794893326,0.0478504891745384
0.716328437487461,0.0613932439644644,0.204658153510185,0.0176201650378897
0.196964601680502,0.090678758058709,0.669629272174627,0.0427273680861614
0.109437011500163,0.673511687243298,0.0362944333079259,0.180756867948613
0.428314268671697,0.209374465868866,0.273864795111353,0.0884464703480836
0.522522626806453,0.286642439970793,0.112676276750605,0.078158656472149
0.471329725167492,0.20126986295524,0.275009610517531,0.0523908013597368
0.383035260621034,0.409134991381412,0.09162922783693,0.116200520160624
0.269558706900121,0.372322088510542,0.11481718837994,0.243302016209397
0.402929022171079,0.124522094959497,0.418977288912471,0.0535715939569537
0.127272948345323,0.0449942322793479,0.808013636305566,0.0197191830697632
0.39088480762483,0.191269534932656,0.358384943877499,0.0594607135650148
0.194846986424875,0.0531620980717149,0.734939668392165,0.0170512471112453
0.434799284224641,0.338723333025737,0.115220995587516,0.111256387162106
0.309387358536639,0.104013189788693,0.544186306241285,0.0424131454333827
0.147055004633577,0.25601816679662,0.0892214887966082,0.507705339773195
0.366499787295329,0.205840145031508,0.363427162864594,0.0642329048085688
0.146010237236154,0.240273244988144,0.0811853287300364,0.532531189045665
0.0448841471085995,0.15144143379504,0.0198988983151525,0.783775520781208
0.437529925432557,0.312933380627856,0.135492244956503,0.114044448983084
0.481466417947748,0.128471251027002,0.351583083428382,0.0384792475968683
0.399885867323098,0.356567944219102,0.116965721578454,0.126580466879345
0.271933035077629,0.275807659040194,0.146641781280648,0.305617524601528
0.402563087836143,0.347031968673844,0.116512035426203,0.13389290806381
0.325748278018311,0.301693843649751,0.155857543055321,0.216700335276617
0.231289453473986,0.460983252520472,0.105953177317401,0.201774116688141
0.16782429883698,0.25059874506001,0.112105639167269,0.469471316935741
0.255559000193047,0.152682742323852,0.501479272225463,0.0902789852576384
0.0894188682496751,0.163622036791676,0.0494637489145121,0.697495346044137
0.0434304701870222,0.0879607283987907,0.0225087233394773,0.84610007807471
0.502665003617966,0.170000785721113,0.276237236959365,0.0510969737015558
0.209344664473081,0.341166578422839,0.0861929068752545,0.363295850228825
0.15619089483695,0.336239455768362,0.0917075538117551,0.415862095582932
0.215918107382641,0.310383747832101,0.102894468454598,0.37080367633066
0.335846176065727,0.235209974066007,0.23956195717411,0.189381892694156
0.437991692120561,0.186219213161762,0.292469299718179,0.0833197949994985
0.193138358528181,0.462070823016856,0.10060428156483,0.244186536890132
0.631520507195641,0.208624855435367,0.11793798275079,0.0419166546182013
0.350944388372437,0.440286907352559,0.0806019581512386,0.128166746123766
0.240844270125711,0.141476696541976,0.553472535745703,0.0642064975866101
0.319632597452522,0.411501175160192,0.0889051501242979,0.179961077262988
0.130133102795408,0.0492787145370105,0.799714056313002,0.0208741263545802
0.389533722481084,0.268541131676603,0.262500530748741,0.0794246150935715
0.104536500559273,0.187130576927868,0.0622569576762488,0.64607596483661
0.0782749944474826,0.335875697763379,0.0348786535578878,0.550970654231251
0.174192130874792,0.362377177920029,0.0888748713529899,0.37455581985219
0.218525691190236,0.644447027913765,0.0505417523044332,0.0864855285915662
0.152744555124287,0.337107068358498,0.0887635528128138,0.421384823704401
0.0857729183726102,0.17281158811901,0.0505309493161126,0.690884544192267
0.0742430246048667,0.170504438418201,0.0409583075057732,0.714294229471159
0.258757121133302,0.468687179056011,0.114601415639074,0.157954284171614
0.303710185339504,0.2519823191141,0.207537776444093,0.236769719102303
0.614948795649938,0.128109213840673,0.215907389746134,0.0410346007632552
0.273557253706013,0.275446446510155,0.191072707413659,0.259923592370173
0.259235280701607,0.055710241262209,0.666533185076819,0.0185212929593655
0.243716887863388,0.297445502862432,0.120221472402997,0.338616136871183
0.413303068699622,0.316588489657977,0.202464305870085,0.0676441357723159
0.128624762666486,0.295555791465002,0.0734618409414592,0.502357604927053
0.358371170284506,0.253268086740386,0.210215331186651,0.178145411788457
0.135670417313759,0.638876089832711,0.0594326377424901,0.16602085511104
0.253251412588528,0.12069941308261,0.569431365371808,0.0566178089570542
0.34029804300964,0.192402234296766,0.371950205959084,0.0953495167345093
0.171447172337688,0.0697830122331867,0.730104653758717,0.0286651616704091
0.23795486412521,0.138738197530756,0.543388841573429,0.0799180967706051
0.278409908729541,0.4323260406983,0.133408820631447,0.155855229940712
0.168319065384039,0.334926042474792,0.0953560676245919,0.401398824516577
0.152145417211047,0.396474067825354,0.054669482610616,0.396711032352983
0.108062241341552,0.190297664895289,0.0590916148657456,0.642548478897413
0.265862137633175,0.251838952325604,0.200095574718552,0.282203335322669
0.123753967302563,0.551034906114303,0.0532634548803508,0.271947671702783
0.19946434361058,0.425422438979168,0.0705462438193908,0.304566973590862
0.125030696183003,0.199941749509125,0.0722093215529359,0.602818232754937
0.119459917518091,0.192773098726566,0.0637455253642276,0.624021458391115
0.130701632704383,0.318593528942047,0.0492412193949835,0.501463618958587
0.082627198724372,0.784515229733198,0.0243204387622076,0.108537132780223
0.0866919057784883,0.161898238935529,0.0483618572710336,0.703047998014949
0.288430376495702,0.339240893184819,0.107982079424699,0.26434665089478
0.135146250484313,0.224221564976158,0.0890639054512763,0.551568279088252
0.14542534172043,0.673284831880084,0.055772978129167,0.125516848270319
0.493353821709001,0.377645074102771,0.0689145339611234,0.0600865702271044
0.381788205226904,0.302447211158964,0.139289712853564,0.176474870760568
0.0862183641071484,0.215875625203796,0.0394648672710386,0.658441143418017
0.345645096858938,0.22827869448338,0.276203309662962,0.149872898994719
0.530233633519871,0.186815500594226,0.201451848071894,0.0814990178140088
0.0250169865876936,0.0842420394091343,0.011243783547863,0.879497190455309
0.0969197541014611,0.200474275362942,0.0560667736666688,0.646539196868928
0.151985632833905,0.0596635605171632,0.76593816619612,0.0224126404528114
0.242246620381739,0.426159919206712,0.0988451778368229,0.232748282574725
0.337577924153843,0.414352514201432,0.152681680884789,0.0953878807599355
0.127328680795564,0.20302218753211,0.0811133838834841,0.588535747788842
0.376953660523802,0.168973753382124,0.403476629027653,0.050595957066421
0.304905643152245,0.289346456900942,0.168342644490782,0.237405255456031
0.1579347565451,0.704804437097376,0.0537317975594119,0.0835290087981125
0.326013401690344,0.298322211024432,0.178343858620246,0.197320528664978
0.798455354728626,0.0995309398046443,0.0821999543380492,0.0198137511286808
0.200615133996044,0.337759493654202,0.0867366534325714,0.374888718917182
0.316733060368024,0.120954030010669,0.508492892093648,0.0538200175276591
0.304882050618946,0.444495287529264,0.138015276553012,0.112607385298778
0.160784406267544,0.241602506670953,0.111256794344354,0.48635629271715
0.135886976668922,0.224652823595952,0.0876580563292459,0.55180214340588
0.449459051102778,0.222114247341684,0.211896637058527,0.116530064497011
0.383076142608267,0.125901874585591,0.43632073675467,0.054701246051471
0.349576640247787,0.263367853316905,0.299323095531992,0.0877324109033166
0.440728638215837,0.156768876909375,0.339623489916901,0.062878994957887
0.0703040385130453,0.147305771091808,0.0332889897755135,0.749101200619634
0.263717017209352,0.470314254691602,0.0782617373704899,0.187706990728557
0.0877001988290699,0.182178546319702,0.0505685446359722,0.679552710215255
0.242240551791417,0.603029760718732,0.071477262976676,0.083252424513175
0.1541344879467,0.330900786458659,0.0834146196964544,0.431550105898186
0.141528609488409,0.336818750053269,0.073265460954866,0.448387179503457
0.289192684092918,0.290914721434966,0.277450864722402,0.142441729749715
0.28125653164554,0.115671064568988,0.552077880818522,0.0509945229669503
0.244162716890082,0.257728896784508,0.169001869613981,0.329106516711429
0.492104292906902,0.227955733326599,0.22485894534729,0.0550810284192085
0.298734389538821,0.194968335228534,0.432208291852723,0.0740889833799223
0.213716964713287,0.0888119143184054,0.653803947755197,0.0436671732131107
0.192011433619849,0.315627916337288,0.0828203557159099,0.409540294326953
0.109195813980857,0.446089852733436,0.0401261685173405,0.404588164768366
0.0429084961612936,0.0926154516076607,0.023136847274991,0.841339204956055
0.150793532853725,0.546404931456815,0.0613455180133427,0.241456017676117
0.368315064818539,0.228736091252373,0.270141675785794,0.132807168143294
0.092027800456455,0.165274306418353,0.0537584500609944,0.688939443064198
0.661717923913205,0.131195331169407,0.176616732934825,0.0304700119825631
0.237699980902845,0.409456929677118,0.157990969404616,0.194852120015421
0.028271111287433,0.0660617502326399,0.0130866070812082,0.892580531398719
0.355871983001088,0.353487917601277,0.195951516151225,0.0946885832464101
0.241021799475501,0.314626645260619,0.131889480563972,0.312462074699908
0.632419326586916,0.126817401457455,0.196231709041231,0.0445315629143984
0.393022263909013,0.256667311784741,0.194473099203717,0.155837325102528
0.0209539310667536,0.0513173537174443,0.0102601863279124,0.91746852888789
0.285591630633187,0.583029155522312,0.0565048063521285,0.0748744074923719
0.26647540937353,0.16479307888182,0.491998567944819,0.0767329437998305
0.0875438299679526,0.173470432410971,0.0489375404560939,0.690048197164983
0.0549220963401258,0.15061616658504,0.0265645426671239,0.767897194407711
0.361814140486584,0.373247813224607,0.110767755925117,0.154170290363692
0.137134829139417,0.343147243617107,0.0562803964594715,0.463437530784005
0.264615441041635,0.099835977266597,0.589912855106283,0.0456357265854843
0.24856035126629,0.290516499926688,0.239252021661435,0.221671127145587
0.304689737596721,0.136895836941808,0.482619875499317,0.0757945499621546
0.298155887154105,0.16994727424318,0.42093498964405,0.110961848958666
0.661796515797319,0.0921162023606896,0.216318055632569,0.0297692262094225
0.582103807655857,0.0876316234466156,0.302984160142252,0.027280408755275
0.791245401070345,0.125719742338365,0.0605913813096795,0.0224434752816102
0.110243198049984,0.20543931864682,0.0671409902772327,0.617176493025964
0.0334414902733815,0.0719838449577881,0.0164910285300874,0.878083636238743
0.33940817781173,0.136565282709343,0.467259864275877,0.0567666752030502
0.725882412146786,0.171948435331244,0.0761631044055228,0.0260060481164475
0.164777979282045,0.237741185548615,0.114605865844742,0.482874969324599
0.0846158527921366,0.184097910901901,0.0427200848514203,0.688566151454543
0.256499357941827,0.279189295622992,0.142570670955699,0.321740675479483
0.210955112887907,0.29720210426726,0.096487937608969,0.395354845235863
0.277609904483311,0.447885087159322,0.157399136643415,0.117105871713952
0.394021807586876,0.156209279414899,0.371020405707175,0.0787485072910508
0.19112410018735,0.252882925351961,0.135481745959971,0.420511228500718
0.169468382272464,0.362326127934715,0.0891408706189759,0.379064619173844
0.507506993697524,0.171854315359101,0.258196657563032,0.062442033380343
0.305054784914321,0.424136594168728,0.139926951361436,0.130881669555515
0.204819382060289,0.258080021678706,0.12093081034407,0.416169785916935
0.105257933545057,0.224524802339484,0.0470334776948734,0.623183786420585
0.1525634468067,0.590759421354095,0.049036081519915,0.207641050319291
0.446445559687582,0.337976057755569,0.136282544428969,0.0792958381278803
0.071848507898631,0.166594204152038,0.0399453139637219,0.721611973985609
0.272082211300328,0.120609392042108,0.543894642358415,0.0634137542991498
0.236284789031456,0.404785149137692,0.111134173266596,0.247795888564255
0.45573361036865,0.172705238913678,0.294097137572313,0.0774640131453583
0.136782375361925,0.645001675192538,0.0576514721836687,0.160564477261868
0.218356345283239,0.489976001129395,0.108552358120066,0.183115295467299
0.102502555478203,0.0398372587379357,0.840109777085036,0.0175504086988257
0.470163721179873,0.085950470691565,0.41992322020907,0.0239625879194922
0.381791372495587,0.218574098365236,0.266003484174377,0.1336310449648
0.790173197151702,0.068680377804353,0.123649366826297,0.017497058217648
0.404754567376182,0.365055478709116,0.144816005872566,0.0853739480421354
0.58197434850196,0.184235908073756,0.165346996013657,0.0684427474106271
0.241179152319283,0.115101503880416,0.586220900688832,0.0574984431114691
0.540528549633998,0.107007669857639,0.320598831497876,0.0318649490104873
0.419877635886468,0.13999270294554,0.377191287872041,0.0629383732959515
0.438175049460892,0.200723448152829,0.280263421726924,0.0808380806593538
0.209470983433149,0.403260712730514,0.115577300846759,0.271691002989578
0.432391298522042,0.132233917187939,0.395287697799536,0.0400870864904834
0.238250009314526,0.36239818419684,0.121971594972171,0.277380211516462
0.13844011309716,0.22180363423204,0.0748771700138983,0.564879082656901
0.308841356465845,0.236147520044763,0.35176922736991,0.103241896119483
0.112582086111389,0.275371537757368,0.0623457817747149,0.549700594356528
0.459987966830302,0.304136355074196,0.121569053517836,0.114306624577666
0.339102872479537,0.12432348028238,0.482567972491899,0.0540056747461837
0.401230062233984,0.40976559271794,0.0892835840937464,0.09972076095433
0.206645841763344,0.559025582010665,0.0885566937120816,0.14577188251391
0.0783033364352362,0.0276186585479151,0.882349261528193,0.0117287434886561
0.354745294599821,0.260351063151655,0.287983507511163,0.0969201347373605
0.201118743141473,0.0953944475191724,0.656054523066268,0.047432286273086
0.137819483722779,0.226271427323236,0.0842849673569943,0.551624121596991
0.162994253636961,0.636430931451071,0.0573811250225516,0.143193689889417
0.529169420834973,0.297687151372114,0.0993125713744087,0.0738308564185044
0.38354774853636,0.242414127635743,0.224132700987718,0.149905422840179
0.377256301823273,0.339102839171375,0.20756289413244,0.0760779648729122
0.293213736090426,0.36395104784163,0.123994559093121,0.218840656974824
0.31227384760668,0.216250536913835,0.319324767750361,0.152150847729124
0.330319181016089,0.183385538039443,0.417403271422079,0.0688920095223892
0.477089221234798,0.327307980839335,0.101463798050927,0.0941389998749404
0.124254645503072,0.240306304599385,0.0723268387344502,0.563112211163093
0.428471159068542,0.203500862264237,0.305907532905915,0.062120445761306
0.611509988593213,0.128192004731941,0.215381062356442,0.0449169443184031
0.182417266043177,0.467069039574263,0.0982458748478574,0.252267819534702
0.186186334514621,0.0849134983586114,0.688293513802782,0.0406066533239859
0.160736421882769,0.233814564963999,0.0903355564683142,0.515113456684917
0.0680268851855615,0.156629637450776,0.0359710900785896,0.739372387285073
0.113574960249219,0.284702312973756,0.0622688055300001,0.539453921247025
0.354205475779462,0.355358266485704,0.206473736767995,0.0839625209668386
0.357048926447866,0.237024026897599,0.328265985911116,0.0776610607434185
0.103807954679889,0.366935944722053,0.0409931037336205,0.488262996864437
0.340392649157287,0.385954463503159,0.183494745236664,0.0901581421028903
0.314088500650334,0.0955958809981864,0.560246196577179,0.0300694217743
0.151689427139657,0.0644506057659274,0.758544953952905,0.0253150131415106
0.383671010033496,0.194725671222276,0.311029938632062,0.110573380112166
0.141122037621873,0.271792411853811,0.0623217108636965,0.524763839660619
0.123526286523687,0.211994323767304,0.0786069890862629,0.585872400622747
0.308140120692418,0.231015646522831,0.326521701451005,0.134322531333746
0.145972629442071,0.760857731148332,0.0335869691725737,0.0595826702370229
0.108261034727471,0.263897032800072,0.0592603587886697,0.568581573683787
0.0451770776336258,0.889883380977256,0.0143565477627533,0.0505829936263652
0.320204929636282,0.520316353795184,0.0826313752681927,0.0768473413003411
0.354645380976522,0.17128132349364,0.371937657307439,0.102135638222399
0.102460846905559,0.198646224481987,0.0610821874874908,0.637810741124963
0.21991186261678,0.123565366236901,0.593427703021036,0.0630950681252826
0.062950373123134,0.177331422954661,0.0301320191069425,0.729586184815262
0.0811369261822871,0.029215600825464,0.877556457166638,0.0120910158256111
0.138822046516081,0.216073498035009,0.0772813615273977,0.567823093921513
0.0724928950949153,0.26877982186628,0.0297075496071448,0.629019733431659
0.0388039054869988,0.124365391830175,0.0166385634025574,0.820192139280269
0.143060984735991,0.210539614160704,0.081339794012658,0.565059607090647
0.136649015224568,0.328313980688298,0.0724365640678967,0.462600440019237
0.127235979751688,0.255931638767597,0.0700480507486336,0.546784330732081
0.211940512435922,0.419455351621358,0.135631475828322,0.232972660114398
0.120428129421993,0.473758623317789,0.0510706560950371,0.354742591165181
0.0987981050437964,0.169183354979242,0.05568866129246,0.676329878684501
0.280985505747657,0.188579345951292,0.444476897796353,0.0859582505046981
0.148317868783931,0.25967398003677,0.0975623439626098,0.494445807216689
0.229461771004804,0.103647948115786,0.614641772964806,0.0522485079146037
0.121536029197677,0.251522056739855,0.0602569509902051,0.566684963072263
0.198565963552057,0.242277119616875,0.133455036483613,0.425701880347455
0.258936286616439,0.330218763249712,0.218654411577592,0.192190538556257
0.343854168964186,0.275035671339552,0.24466815005052,0.136442009645743
0.150146714049897,0.222654507887354,0.0812520267813665,0.545946751281382
0.11157411096133,0.465967197619184,0.040448825874324,0.382009865545162
0.2802832205463,0.193412621392783,0.416770704156979,0.109533453903938
0.126241967471408,0.207403656660395,0.0806592355634957,0.585695140304701
0.203273472257898,0.484831357583823,0.114994272141657,0.196900898016622
0.134466695319525,0.264829570497137,0.0831169934406378,0.5175867407427
0.492863504751869,0.228940374951165,0.185133983062479,0.0930621372344879
0.363595331175286,0.142514956691623,0.420516799067801,0.0733729130652903
0.491746513512375,0.15386136197421,0.302101183009172,0.0522909415042429
0.201994420225201,0.535099324410355,0.0936652111320616,0.169241044232382
0.284628813153759,0.14630184107273,0.481122449458862,0.0879468963146494
0.24486065470687,0.430377972756189,0.144398392438095,0.180362980098846
0.68836358762815,0.128055048003533,0.142514866930976,0.0410664974373406
0.324931599157726,0.214744838534378,0.299987268694432,0.160336293613464
0.291516078581794,0.174024501429021,0.429630826515042,0.104828593474144
0.159865490577623,0.63839061843247,0.0516961113355148,0.150047779654392
0.216107995607902,0.075949690383241,0.672561273760986,0.035381040247871
0.287307841636251,0.509327867932026,0.105294958317028,0.0980693321146951
0.121245047204188,0.199486174815092,0.0715425891829798,0.607726188797741
0.206298161291559,0.551771342660892,0.0969783162558079,0.144952179791741
0.620578722254741,0.249235067167077,0.0786387894198597,0.051547421158322
0.285469752126086,0.355786244463605,0.104791349820509,0.253952653589801
0.346711601144662,0.282868682075633,0.174215854967478,0.196203861812226
0.258512690363402,0.462478699294793,0.145669393237335,0.13333921710447
0.469800972243092,0.24151610766352,0.17745440890303,0.111228511190358
0.298121296818853,0.421019796058449,0.168047885374979,0.11281102174772
0.197228870963903,0.282150224032172,0.110146653373238,0.410474251630687
0.340679406925748,0.301178358181786,0.272361643289995,0.0857805916024718
0.198552413979286,0.347593835942932,0.0847879009869643,0.369065849090819
0.122018891575318,0.236671381472951,0.0724225815170923,0.568887145434639
0.218134809604312,0.248217470995934,0.167926553795004,0.36572116560475
0.320693915418202,0.294787683063174,0.284702198940626,0.0998162025779972
0.218921240593673,0.327616343236662,0.138063618355371,0.315398797814294
0.280161177351423,0.113990706138973,0.552559291526702,0.0532888249829023
0.401991667901901,0.232409531064658,0.303059851336418,0.0625389496970235
0.1992753060839,0.273116572294045,0.127747658250059,0.399860463371995
0.278657993716859,0.189873864443905,0.450812161893829,0.0806559799454071
0.313387996864015,0.261936969485653,0.187513363317035,0.237161670333297
0.2801161200049,0.221375775013115,0.382299179240446,0.116208925741538
0.358958617477043,0.114152780116793,0.476086206774546,0.0508023956316183
0.266597919471091,0.248020644066522,0.328444851145004,0.156936585317383
0.163398388760652,0.0724298319637104,0.732196732730575,0.0319750465450629
0.13914246539952,0.318201831804401,0.0784524793082738,0.464203223487806
0.0517984992370258,0.170017147680768,0.0243568236282434,0.753827529453963
0.22001916925484,0.123925753454372,0.600005243875066,0.0560498334157215
0.246324776750305,0.527018513966453,0.0991956375481876,0.127461071735054
0.168686492118307,0.565916302054584,0.0646090716394866,0.200788134187622
0.1609528961422,0.489410959414599,0.0824500956805835,0.267186048762617
0.143224391158721,0.630226892729049,0.049474139260483,0.177074576851747
0.334559655597084,0.235199345005418,0.251470726658905,0.178770272738593
0.152737628190591,0.783388572555904,0.0312473358101528,0.0326264634433524
0.151328953478582,0.377683842577896,0.0844688605522562,0.386518343391265
0.379655177740334,0.141658042310204,0.418664358792459,0.0600224211570032
0.0934457066790989,0.176066137026026,0.0562165998589664,0.674271556435909
0.194742790096924,0.458993098301583,0.105506360761025,0.240757750840468
0.269330903973738,0.326078848612527,0.197741348767188,0.206848898646547
0.287750347093357,0.253211201430981,0.347467220764423,0.11157123071124
0.395006716711336,0.194363952980947,0.331923572252729,0.0787057580549883
